ff_sample,fm_sample,mf_sample,mm_sample,ff_comparative_sample,mf_comparative_sample,mf_comparative_sample,mm_comparative_sample,f_gender_sample,m_gender_sample
-0.39,-0.5,-0.125,-0.11388888888888889,-0.25,-0.04861111111111112,-0.6,-0.5000000000000001,-0.6,-0.19255952380952385
-0.5,-0.39,-0.1,-0.09375,-0.14375,-0.2916666666666667,-0.6,-0.4,-0.15,-0.16666666666666666
-0.2,-0.3125,-0.2,-0.125,-0.09999999999999999,-0.5,-0.16666666666666666,-0.0625,-0.175,-0.3125
-0.06501373626373627,-0.25625,-0.11936507936507937,-0.06333333333333332,-0.09375,-0.2777777777777778,-0.25,-0.15999999999999998,-0.21875,-0.275
-0.15555555555555559,-0.10000000000000002,-0.15555555555555559,-0.21851851851851853,-0.08333333333333333,-0.02500000000000001,-0.4,-0.44375,-0.13333333333333333,-0.17
-0.10740740740740741,-0.1875,-0.05,-0.0375,-0.9,-0.5,-0.01547619047619051,-0.5,-0.15555555555555559,-0.625
-0.1875,-0.06666666666666667,-0.16666666666666666,-0.03125,-0.125,-0.6,-0.030555555555555558,-0.22499999999999998,-0.15000000000000002,-0.4
-0.16666666666666666,-0.5,-0.18333333333333335,-0.1375,-0.11435185185185186,-0.0625,-0.3,-0.016666666666666666,-0.25,-0.3
-0.1875,-0.24583333333333335,-0.10277777777777779,-0.15499999999999997,-1.0,-0.12666666666666665,-0.05,-0.14583333333333334,-0.10714285714285715,-0.1875
-0.4,-0.21726190476190477,-0.5,-1.3877787807814457e-17,-0.05,-0.17916666666666667,-0.4,-0.0888888888888889,-0.05,-0.25
-0.5,-0.15555555555555559,-0.017857142857142863,-0.2,-0.05,-0.16666666666666666,-0.2539583333333333,-0.4,-0.11666666666666665,-0.16666666666666666
-0.3,-0.21428571428571427,-0.25,-0.15,-0.1875,-0.4,-0.008333333333333342,-0.2,-0.225,-0.16666666666666666
-0.13134920634920635,-0.24375,-0.06388888888888888,-0.125,-0.3444444444444444,-0.05357142857142857,-0.125,-0.16666666666666666,-0.6,-0.2
-0.010000000000000002,-0.016666666666666666,-0.55,-0.2833333333333334,-0.15,-0.09351851851851851,-0.06597222222222224,-0.03833333333333332,-0.20892857142857144,-0.5
-0.2,-0.15625,-0.25,-0.09999999999999999,-0.5,-0.07291666666666667,-0.16666666666666666,-1.0,-0.02,-0.03185185185185186
-0.15555555555555559,-0.07444444444444444,-0.25,-0.5,-0.2,-0.65,-0.0663265306122449,-0.012499999999999997,-0.20833333333333334,-0.035185185185185194
-0.121875,-0.021875000000000006,-0.49583333333333324,-0.07611111111111109,-0.016666666666666666,-0.16666666666666666,-0.1875,-0.19833333333333333,-0.48928571428571427,-0.6
-0.7049999999999998,-0.08333333333333333,-0.046875,-0.0225,-0.07211538461538461,-0.05833333333333332,-0.2,-0.4,-0.06953125,-0.15555555555555559
-0.11333333333333336,-0.25,-0.033333333333333354,-0.1875,-0.12698412698412698,-0.10740740740740741,-0.16666666666666666,-0.08645833333333333,-0.3,-0.0625
-0.1,-0.234375,-0.35,-0.07777777777777779,-0.05,-0.125,-0.05,-0.07777777777777779,-0.1875,-0.125
-0.15555555555555559,-0.3,-0.08333333333333333,-0.16666666666666666,-0.125,-0.006397306397306411,-0.3,-0.2,-0.1,-0.15555555555555559
-0.1875,-0.0625,-0.2833333333333333,-0.037500000000000006,-0.25,-0.08571428571428573,-0.012499999999999983,-0.35625,-0.06458333333333333,-0.07500000000000001
-0.1,-0.13749999999999998,-0.010833333333333339,-0.025,-0.08750000000000001,-0.22857142857142856,-0.11666666666666668,-0.13,-0.17660218253968255,-0.018518518518518528
-0.2,-0.14583333333333334,-0.03888888888888884,-0.04375,-0.25,-0.1722222222222222,-0.2,-0.1,-0.008333333333333331,-0.05
-0.1875,-0.05,-0.030555555555555558,-0.1699074074074074,-0.4,-0.05,-0.1,-0.16666666666666666,-0.3,-0.55
-0.20833333333333334,-0.16666666666666666,-0.5,-0.2,-0.13333333333333333,-0.01,-0.1,-0.03333333333333333,-0.06666666666666665,-0.013425925925925933
-0.175,-0.625,-0.1,-0.04583333333333334,-0.0625,-0.7,-0.06666666666666667,-0.625,-0.09166666666666669,-0.3125
-0.10714285714285715,-0.5625,-0.30357142857142855,-0.03333333333333333,-0.15,-0.7,-0.012499999999999997,-0.07760416666666667,-0.20833333333333331,-0.15555555555555559
-0.022222222222222216,-0.21,-0.2,-0.15555555555555559,-0.033333333333333326,-0.11111111111111112,-0.05,-0.24375000000000002,-0.2,-0.5
-0.1875,-0.3,-0.21,-0.125,-0.5,-0.2,-0.15625,-0.625,-0.033333333333333326,-0.04999999999999999
-0.009374999999999994,-0.2,-0.2,-0.6666666666666666,-0.13333333333333333,-0.5,-0.049999999999999996,-0.35,-0.00833333333333334,-0.1511904761904762
-0.21875,-0.6,-0.2,-0.2833333333333333,-0.09583333333333333,-0.2847222222222222,-0.14,-0.05,-0.5,-0.3125
-0.2,-0.05,-0.0625,-0.1,-0.5,-0.22361111111111115,-0.1875,-0.0625,-0.75,-0.025
-0.2,-0.5,-0.03194444444444444,-1.0,-0.11875,-0.05,-0.029761904761904767,-0.3125,-0.09375,-0.6
-0.171875,-0.1416666666666667,-0.16666666666666666,-0.1,-0.12222222222222223,-0.0825892857142857,-0.02013888888888889,-0.15555555555555559,-0.03571428571428571,-0.1875
-0.25833333333333336,-0.033333333333333354,-0.75,-0.09861111111111112,-0.3499999999999999,-0.015277777777777788,-0.07916666666666666,-0.15555555555555559,-0.1875,-0.10476190476190478
-0.371875,-0.30000000000000004,-0.30000000000000004,-0.55,-0.1875,-0.65,-0.52,-0.1,-0.037259615384615384,-0.16666666666666666
-0.04375,-1.0,-0.013888888888888886,-0.012499999999999997,-0.07999999999999999,-0.027083333333333334,-0.3125,-0.25,-0.1,-0.125
-0.07187500000000001,-0.39583333333333337,-0.16666666666666666,-0.125,-0.04583333333333334,-0.1,-0.1875,-0.175,-0.2535,-0.1
-0.09523809523809523,-0.5,-0.6499999999999999,-0.19603174603174603,-0.1,-0.21075174825174822,-0.08333333333333333,-0.25,-0.15000000000000002,-0.21746031746031746
-0.125,-0.5,-0.15833333333333333,-0.4,-1.0,-0.07857142857142857,-0.07187500000000001,-0.2,-0.06428571428571428,-0.07777777777777779
-0.1,-0.5,-0.004999999999999999,-0.15333333333333338,-0.05,-0.03125,-0.17500000000000002,-0.0625,-0.5447916666666667,-0.1875
-0.17708333333333331,-0.3,-0.23333333333333336,-0.012499999999999997,-0.0025000000000000022,-0.5,-0.04375,-0.5,-0.16499999999999998,-0.1
-0.1875,-0.3125,-0.5,-0.5,-0.3,-0.0375,-0.2,-0.1875,-0.016666666666666663,-0.05
-0.375,-0.1875,-0.033333333333333326,-0.2,-0.10694444444444447,-0.1875,-0.2916666666666667,-0.15555555555555559,-0.5,-0.03495370370370372
-0.05,-0.03518518518518519,-0.25,-0.3111111111111111,-0.024999999999999994,-0.03497023809523809,-0.15555555555555559,-0.16666666666666666,-0.17708333333333331,-0.046875
-0.175,-0.6,-0.04066666666666666,-0.2333333333333333,-0.5,-0.13392857142857142,-0.125,-0.4,-0.1875,-0.05
-0.15555555555555559,-0.075,-0.29285714285714287,-0.016666666666666666,-0.2,-0.02100694444444445,-0.35,-0.2,-0.11250000000000002,-1.0
-0.2,-0.44375,-0.7,-0.18598484848484842,-1.0,-0.5,-0.12638888888888888,-0.175,-0.16666666666666666,-0.0625
-0.020833333333333332,-0.2,-0.07999999999999999,-0.3,-0.14999999999999997,-0.25,-0.020833333333333332,-0.15555555555555559,-0.007499999999999995,-0.1
-0.1875,-0.125,-0.1111111111111111,-0.21666666666666667,-0.025,-0.09246031746031745,-0.16666666666666666,-0.5,-0.1875,-0.071875
-0.4,-0.1,-0.1875,-0.2,-0.1875,-0.3,-0.6999999999999998,-0.3,-0.273,-0.1875
-0.096875,-0.1025,-0.21,-0.07006172839506172,-0.14375,-0.05833333333333333,-0.5,-0.16666666666666666,-0.125,-0.05
-0.11666666666666665,-0.05,-0.1261904761904762,-0.019999999999999997,-0.6,-0.1,-0.2,-0.08333333333333333,-0.2625,-0.23666666666666666
-0.046666666666666634,-0.051851851851851864,-0.08333333333333333,-0.008518518518518528,-0.6,-0.625,-0.4,-0.1875,-0.15555555555555556,-0.29296875
-0.25,-0.19583333333333333,-0.16435185185185186,-0.5,-0.3666666666666667,-0.16666666666666666,-0.2777777777777778,-1.0,-0.1875,-0.05
-0.08333333333333333,-0.3,-0.1,-0.21428571428571427,-0.15000000000000002,-0.13333333333333333,-0.5,-0.346875,-0.1875,-0.049305555555555575
-0.21,-0.15555555555555559,-0.6999999999999998,-0.25,-0.09375,-0.25,-0.05,-0.2,-0.029166666666666664,-0.14375
-0.32857142857142857,-0.025568181818181823,-0.08518518518518518,-0.06666666666666667,-0.39999999999999997,-0.15555555555555559,-0.2,-0.037500000000000006,-0.2,-0.03333333333333334
-0.2777777777777778,-0.09523809523809523,-0.375,-0.05555555555555555,-0.1875,-0.15555555555555559,-0.3,-0.5833333333333334,-0.17500000000000002,-0.4
-0.15,-0.2,-1.0,-0.1,-0.125,-0.04149305555555556,-0.13333333333333333,-0.6,-0.1875,-0.32857142857142857
-0.5,-0.10000000000000002,-0.2,-0.04999999999999993,-0.033333333333333326,-0.4,-0.15555555555555559,-1.0,-0.3171875,-0.21000000000000002
-0.09351851851851851,-0.10000000000000002,-0.08333333333333333,-0.008333333333333331,-0.24583333333333335,-0.5,-0.3125,-0.008333333333333331,-0.16666666666666666,-0.4458333333333333
-0.25,-0.3171875,-0.1,-0.5,-0.1875,-0.23958333333333334,-0.025,-0.11701388888888889,-0.13999999999999999,-0.125
-0.1625,-0.12,-0.15000000000000002,-0.2,-0.15138888888888888,-0.5,-0.13125,-0.425,-0.0763888888888889,-0.4277777777777777
-0.3187499999999999,-0.10000000000000002,-0.08333333333333333,-0.25,-0.04999999999999999,-0.4,-0.125,-0.2,-0.1,-0.0625
-0.5,-0.5999999999999999,-0.1875,-1.0,-0.3333333333333333,-0.0625,-0.0839285714285714,-0.6,-0.09999999999999999,-0.16666666666666666
-0.31666666666666665,-0.044444444444444446,-0.3158730158730159,-0.5,-0.1277777777777778,-0.3499999999999999,-0.5,-0.4,-0.30000000000000004,-0.25
-0.13333333333333333,-0.2,-0.5,-0.30000000000000004,-0.09375,-0.25,-0.65,-0.09047619047619047,-0.4,-0.1111111111111111
-1.0,-0.4,-0.0787037037037037,-0.5000000000000001,-0.039285714285714285,-0.5,-0.125,-0.15,-0.4583333333333333,-0.25
-0.14285714285714285,-0.4,-0.059375,-0.6666666666666666,-0.4018518518518519,-0.4930555555555556,-0.2277777777777778,-0.14166666666666666,-0.05111111111111113,-0.04583333333333334
-0.2,-0.2619047619047619,-0.21875,-0.10833333333333334,-0.2,-0.21428571428571427,-0.55,-0.10714285714285715,-0.05,-0.375
-1.0,-0.1375,-0.3125,-0.056249999999999994,-0.125,-0.20185185185185187,-0.15555555555555559,-0.19375,-0.0625,-0.0625
-0.29583333333333334,-0.1875,-0.125,-0.05,-0.03333333333333335,-0.21388888888888888,-0.025000000000000022,-0.05000000000000002,-0.1,-0.225
-0.061805555555555565,-0.2785714285714286,-0.28833333333333333,-0.0875,-0.5,-0.05,-0.02500000000000001,-0.033333333333333326,-0.075,-0.09375
-0.02500000000000001,-0.2,-0.0023809523809523803,-0.03750000000000001,-0.4,-0.25,-0.125,-0.05,-0.1875,-0.05119047619047619
-0.40499999999999997,-0.3666666666666667,-0.05,-6.938893903907228e-18,-0.22954545454545452,-0.15000000000000002,-0.44375,-0.275,-0.1722222222222222,-0.2
-0.2,-0.1,-0.04791666666666668,-0.3,-0.07777777777777779,-0.11875,-0.15555555555555559,-0.13333333333333333,-0.21851851851851853,-0.3625
-0.096875,-0.2916666666666667,-0.4,-0.037500000000000006,-0.02083333333333334,-0.1875,-0.05,-0.07037037037037039,-0.1795138888888889,-0.10714285714285714
-0.65,-0.1,-0.2,-0.09999999999999998,-0.4,-0.2916666666666667,-0.5,-0.21666666666666667,-0.5,-0.4
-0.3125,-0.225,-0.29375,-0.125,-0.2916666666666667,-0.125,-0.1875,-0.05000000000000001,-0.04111111111111112,-0.07777777777777779
-0.2,-0.1388888888888889,-0.15555555555555559,-0.5,-0.4,-0.10902777777777777,-0.05,-0.5,-0.04375,-0.08888888888888889
-0.125,-0.2,-0.046875000000000014,-0.5,-0.6,-0.10340909090909091,-1.0,-0.2,-0.05,-0.1
-0.5,-0.2916666666666667,-0.0654421768707483,-0.08218750000000001,-0.52,-0.25,-0.5,-0.10000000000000003,-0.15625,-0.07777777777777779
-0.09375,-0.1,-0.09999999999999998,-0.14799999999999996,-0.022916666666666675,-0.21250000000000002,-0.05,-0.1402777777777778,-0.17857142857142858,-0.07142857142857142
-0.0014880952380952606,-0.5,-0.042176870748299324,-0.4,-0.024999999999999994,-0.3125,-0.04583333333333334,-0.05,-0.025,-0.041666666666666664
-0.25,-0.42500000000000004,-1.0,-0.061111111111111116,-0.33666666666666667,-0.16666666666666666,-0.02777777777777779,-0.03333333333333333,-0.14,-0.2988888888888889
-0.125,-0.05,-0.13749999999999996,-0.140625,-0.06000000000000001,-0.29375,-0.5,-0.1392857142857143,-0.1875,-0.3
-0.25,-0.0915,-0.0625,-0.07777777777777779,-0.12187500000000001,-0.4,-0.125,-0.1,-0.1,-0.01990740740740742
-0.2,-0.9099999999999998,-0.05,-0.4,-0.134375,-0.026666666666666672,-0.0023809523809523725,-0.24375000000000002,-0.4,-0.25
-0.075,-0.1875,-0.09999999999999999,-0.17500000000000002,-0.13333333333333333,-0.15555555555555559,-0.2125,-0.8571428571428572,-0.10138888888888889,-0.11875
-0.016666666666666663,-0.15555555555555559,-0.21875,-0.1027777777777778,-0.2,-0.12916666666666668,-0.13703703703703707,-0.3,-0.4,-0.225
-0.15833333333333333,-0.35,-0.06666666666666667,-0.05,-0.1875,-0.22499999999999998,-0.25,-0.13000000000000003,-0.06666666666666667,-0.2
-0.5,-0.07500000000000001,-0.16666666666666666,-0.1,-0.35,-0.11249999999999999,-0.15555555555555559,-0.2,-0.15,-0.16666666666666666
-0.1875,-0.25,-0.3125,-0.1416666666666667,-0.1875,-0.038888888888888896,-0.2785714285714286,-0.08333333333333334,-0.5,-0.02583333333333333
-0.08499999999999999,-0.14583333333333334,-0.1,-0.15625,-0.2,-0.10833333333333334,-0.2,-0.17083333333333334,-0.16666666666666666,-0.05
-0.024999999999999994,-0.4,-0.6171875,-0.025,-0.06833333333333334,-0.09375,-0.0125,-0.2,-0.15555555555555559,-0.16666666666666666
-0.19166666666666665,-0.4,-0.012499999999999976,-0.3125,-0.19375,-0.025641025641025644,-0.08888888888888889,-0.2,-0.195,-0.09999999999999999
-0.4,-0.125,-0.15000000000000002,-0.018518518518518528,-0.2,-0.15000000000000002,-0.5,-0.2,-0.07500000000000001,-0.2
-0.19375,-0.06845238095238095,-0.25,-0.08333333333333333,-0.17857142857142858,-0.002083333333333333,-0.037500000000000006,-0.30000000000000004,-0.1875,-0.15555555555555559
-0.09999999999999992,-0.30000000000000004,-0.045,-0.2507936507936508,-0.19166666666666665,-0.3125,-0.021164021164021163,-0.6,-0.39999999999999997,-0.1875
-0.3125,-0.05,-0.16898148148148148,-1.0,-0.07142857142857144,-0.25,-0.3125,-0.046875,-0.16666666666666666,-0.125
-0.22291666666666665,-0.5,-0.25,-0.025,-0.09375,-0.06354166666666666,-0.25,-0.12179487179487179,-0.19499999999999998,-0.25
-0.19999999999999998,-0.1875,-0.01249999999999999,-0.08333333333333333,-0.4,-0.15555555555555559,-0.125,-0.04047619047619048,-0.221875,-0.0035714285714285657
-0.7142857142857143,-0.125,-0.028124999999999997,-0.13888888888888887,-0.31333333333333335,-0.25,-0.2125,-0.15555555555555559,-0.24722222222222223,-0.06388888888888888
-0.2,-0.2,-0.19375,-0.03190476190476191,-0.19999999999999998,-0.03833333333333333,-0.4,-0.2,-0.011111111111111108,-0.0475
-0.3,-0.029629629629629645,-0.5,-0.21875,-0.4,-0.20000000000000004,-0.12499999999999994,-0.2625,-0.1875,-0.14285714285714285
-0.041666666666666664,-0.5,-0.0625,-0.07500000000000001,-0.5499999999999999,-0.13333333333333333,-0.07407407407407408,-0.05625,-0.03333333333333333,-0.025
-0.5,-0.05,-0.225,-0.08333333333333333,-0.09375,-0.0375,-9.25185853854297e-18,-0.05,-0.10000000000000002,-0.20476190476190478
-0.25,-0.10833333333333334,-0.017500000000000005,-0.1125,-0.033333333333333326,-0.6,-0.033333333333333326,-0.07000000000000002,-0.1,-0.03333333333333333
-0.4,-0.3076923076923077,-0.2518518518518518,-0.09999999999999999,-0.18125000000000002,-0.051851851851851864,-0.15625,-0.04375,-0.44999999999999996,-0.19444444444444448
-0.13,-0.08333333333333333,-0.03541666666666667,-0.02,-0.15000000000000002,-0.025000000000000005,-0.17285714285714285,-0.16666666666666666,-0.6999999999999998,-0.05
-0.29375,-0.2,-0.1,-0.08333333333333333,-0.5125,-0.30000000000000004,-0.12916666666666668,-0.875,-0.1,-0.025
-0.05937500000000001,-0.125,-0.08571428571428573,-0.04999999999999999,-0.012499999999999997,-0.25,-0.15555555555555559,-0.4,-0.2380952380952381,-0.25
-0.05,-0.05,-0.02500000000000001,-0.1375,-0.01541666666666669,-0.1,-0.20000000000000004,-0.325,-0.12638888888888888,-0.25
-0.4,-0.29583333333333334,-0.2,-0.30000000000000004,-0.16666666666666666,-0.11393298059964728,-0.13125,-0.008333333333333331,-0.3,-0.15555555555555559
-0.13333333333333333,-0.4,-0.25,-0.17396825396825397,-0.05,-0.15,-0.038,-0.025,-0.6,-0.05
-0.125,-0.056249999999999994,-0.25,-0.03333333333333333,-0.30000000000000004,-0.2,-0.05,-0.2,-0.1,-0.025
-0.2,-0.2,-0.125,-0.05,-0.19999999999999998,-0.03461538461538462,-0.25,-0.09999999999999999,-0.21000000000000002,-1.0
-0.051388888888888894,-0.05,-0.06857142857142856,-0.30000000000000004,-0.09999999999999998,-0.1261904761904762,-0.25,-0.025,-0.10416666666666669,-0.44999999999999996
-0.04464285714285714,-0.5,-0.15555555555555559,-0.2333333333333333,-0.3125,-0.1875,-0.09999999999999998,-0.1,-0.32499999999999996,-0.3
-0.05,-0.35000000000000003,-0.060000000000000005,-0.1686111111111111,-0.17083333333333334,-0.06865079365079366,-0.08333333333333333,-0.5,-0.4,-0.17142857142857143
-1.0,-0.10357142857142858,-0.15000000000000002,-0.046875,-0.125,-0.1,-0.020833333333333332,-0.045578231292517014,-0.2833333333333333,-0.2066666666666667
-0.35,-0.1375,-0.15,-0.2,-0.0625,-0.041666666666666664,-0.09999999999999999,-0.05,-0.25,-0.03333333333333333
-0.12222222222222223,-0.10000000000000002,-0.14583333333333334,-0.125,-0.007499999999999995,-0.01339285714285715,-0.0020634920634920767,-0.16666666666666666,-0.1,-0.1875
-0.175,-0.30000000000000004,-0.012500000000000002,-0.16666666666666666,-0.020535714285714254,-0.2892857142857143,-0.5,-0.07666666666666669,-0.5,-0.2
-0.05,-0.3,-0.14583333333333334,-0.1,-0.15,-0.1,-0.1875,-0.21,-0.019999999999999945,-0.08928571428571429
-0.06000000000000001,-0.2958333333333334,-0.18333333333333335,-0.125,-0.2,-0.15555555555555559,-0.016666666666666666,-0.15,-0.34375,-0.125
-0.15555555555555559,-0.5,-0.3125,-0.0625,-0.4,-0.13518518518518519,-0.033333333333333326,-0.05,-0.3,-0.16
-0.5,-0.049999999999999996,-0.15555555555555559,-0.13333333333333333,-0.7,-0.2333333333333333,-0.125,-0.15625,-0.6,-0.08333333333333333
-0.3125,-0.15555555555555559,-0.08645833333333333,-0.16666666666666666,-0.3236111111111111,-0.06666666666666665,-0.1,-0.16666666666666666,-0.3,-0.1
-0.19999999999999998,-0.3791666666666667,-0.65,-0.15000000000000002,-0.175,-0.1,-0.15625,-0.05000000000000001,-0.1708333333333333,-0.1
-0.8,-0.125,-0.1,-0.11701388888888889,-0.08249999999999999,-0.15277777777777773,-0.25,-0.10500000000000001,-0.21875,-0.07777777777777779
-0.3277777777777778,-0.125,-0.2,-0.05357142857142857,-0.18749999999999997,-0.9375,-0.011458333333333329,-0.2,-0.05,-0.1875
-0.273,-0.3,-0.19375,-0.2055844155844156,-0.25,-0.2,-0.155,-0.09375,-0.22544642857142858,-0.6
-0.4,-0.16666666666666666,-0.052777777777777764,-0.07777777777777779,-0.2,-0.09999999999999999,-0.44,-0.0625,-0.16851851851851854,-0.05
-0.1,-0.19999999999999998,-0.25,-0.125,-0.18333333333333335,-0.025,-0.05,-0.024999999999999998,-0.4,-0.5
-0.15,-0.021875000000000006,-0.25,-0.0857142857142857,-0.008333333333333331,-0.17075,-0.1375,-0.08499999999999999,-0.05,-0.15000000000000002
-0.049999999999999996,-1.0,-0.084375,-0.2,-0.3,-0.08333333333333333,-0.025,-0.11805555555555554,-0.050000000000000024,-0.30000000000000004
-0.15555555555555559,-0.15555555555555559,-0.12000000000000001,-0.2,-0.2729166666666667,-0.2935185185185185,-0.03250000000000001,-0.24166666666666664,-0.075,-0.125
-0.035876623376623375,-0.05,-0.125,-0.06,-0.125,-0.29999999999999993,-0.07777777777777779,-0.1,-0.25,-0.09999999999999999
-0.225,-0.07777777777777779,-0.15555555555555559,-0.6499999999999999,-0.3,-0.22499999999999998,-0.05,-0.0625,-0.1875,-0.65
-0.1875,-0.25,-0.1,-0.15555555555555559,-0.3,-0.07777777777777779,-0.4791666666666667,-0.1,-0.65,-0.06666666666666667
-0.1875,-0.1375,-0.0773809523809524,-0.25,-1.0,-0.5,-0.08333333333333333,-0.125,-0.1875,-0.09999999999999992
-0.09083333333333332,-0.037500000000000006,-0.2,-0.09583333333333333,-0.2,-0.04999999999999999,-0.1,-0.3,-0.21,-0.8928571428571429
-0.35,-0.18333333333333335,-0.225,-0.02500000000000001,-0.3,-0.45,-0.3,-0.8,-0.04999999999999999,-0.8
-0.04999999999999999,-0.21666666666666667,-0.16666666666666666,-0.041666666666666664,-0.08333333333333334,-0.018518518518518528,-0.23750000000000002,-0.06865079365079366,-0.2916666666666667,-0.6999999999999998
-0.18125000000000002,-0.07500000000000001,-0.5,-0.30000000000000004,-0.004166666666666663,-0.052777777777777764,-0.03666666666666666,-0.09999999999999999,-0.15625,-0.5
-0.16666666666666666,-0.09999999999999998,-0.25,-0.1875,-0.1775,-0.18,-0.65,-0.16666666666666666,-0.3333333333333333,-0.06666666666666667
-0.1875,-0.014642857142857147,-0.13518518518518519,-0.12222222222222223,-0.125,-0.05,-0.09375,-0.23076923076923073,-0.07427248677248675,-0.2
-0.05,-0.16666666666666666,-0.15,-0.1,-0.05,-0.05555555555555555,-0.19999999999999993,-0.3125,-0.0625,-0.2
-0.4,-0.2714285714285714,-0.08333333333333333,-0.08472222222222224,-0.5049999999999999,-0.16666666666666666,-0.015659340659340673,-0.15000000000000002,-0.05833333333333333,-0.2
-0.02777777777777779,-0.3,-0.2125,-0.0638888888888889,-0.09375,-0.19444444444444448,-0.25,-0.25,-0.26666666666666666,-0.023333333333333317
-0.35,-0.6999999999999998,-0.011458333333333329,-0.19375,-0.09375,-0.025,-0.014285714285714282,-0.2,-0.017857142857142863,-0.2333333333333333
-0.4,-0.20185185185185187,-0.05,-0.15555555555555559,-0.1875,-0.3,-0.14285714285714285,-0.16851851851851854,-0.2,-0.2
-0.7999999999999999,-0.4,-0.03749999999999999,-0.33169642857142856,-0.13392857142857142,-0.19687500000000002,-0.1,-0.2,-0.09722222222222222,-0.08333333333333333
-0.5,-0.08511111111111111,-0.008000000000000002,-0.13214285714285712,-0.30000000000000004,-0.06944444444444446,-0.25,-0.10111111111111112,-0.1277777777777778,-0.38518518518518513
-0.5731111111111111,-0.025,-0.1,-0.0625,-0.1875,-0.1,-0.1875,-0.4,-0.125,-0.07682539682539682
-0.029166666666666674,-0.04166666666666666,-0.30000000000000004,-0.0625,-0.1875,-0.14285714285714285,-0.13181818181818183,-0.15555555555555559,-0.15555555555555559,-0.0013888888888889024
-0.1875,-0.25,-0.2125,-0.4,-0.05,-0.75,-0.5,-0.3,-0.10625,-0.13
-0.16666666666666666,-0.08854166666666666,-0.15357142857142858,-0.16845238095238096,-0.23958333333333331,-0.8,-0.15625,-0.1,-0.09375,-0.6
-0.65,-0.12499999999999994,-0.10000000000000002,-0.11435185185185186,-0.25,-0.08333333333333333,-0.1875,-0.625,-0.25,-0.32187499999999997
-0.25,-0.48518518518518516,-0.36,-1.0,-0.1875,-0.2,-0.09999999999999999,-0.07777777777777779,-0.03571428571428571,-0.175
-0.23333333333333334,-0.125,-0.24999999999999997,-0.15555555555555559,-0.2785714285714286,-0.08317460317460318,-0.08333333333333333,-0.1,-0.075,-0.65
-0.16,-0.6999999999999998,-0.4166666666666667,-0.1,-0.45,-0.2,-0.20833333333333334,-0.5,-0.14285714285714285,-0.7
-0.07500000000000001,-0.125,-0.3566137566137566,-0.03333333333333333,-0.125,-0.0888888888888889,-0.015151515151515152,-0.3666666666666667,-0.35,-0.06999999999999999
-0.028749999999999998,-0.1875,-0.0638888888888889,-0.15000000000000002,-0.0625,-0.43333333333333335,-0.125,-0.5,-0.16666666666666666,-0.30000000000000004
-0.15555555555555559,-0.2,-0.6,-0.15,-0.05,-0.7,-0.5,-1.1102230246251566e-17,-0.15555555555555559,-1.0
-0.21428571428571427,-0.0375,-0.03571428571428571,-0.2,-0.1892857142857143,-0.125,-0.25,-0.3,-0.05,-0.07500000000000001
-0.25,-0.234375,-0.234375,-0.25,-0.2,-0.24999999999999997,-0.15625,-0.16666666666666666,-0.1875,-0.05
-0.21875,-0.029166666666666664,-0.5,-0.2,-0.09375,-0.6666666666666666,-0.425,-0.12777777777777777,-0.09375,-0.021875000000000006
-0.3,-0.0625,-0.15,-0.2,-0.125,-0.16875,-0.09375,-0.14583333333333334,-0.071875,-0.75
-0.21,-0.025000000000000022,-0.5,-0.033333333333333326,-0.08333333333333333,-0.1,-0.3,-0.39583333333333337,-0.14226190476190476,-0.15
-0.4,-0.16383838383838384,-0.19583333333333333,-0.03333333333333333,-0.26,-0.5,-0.25,-0.1875,-0.375,-0.15000000000000002
-0.2,-0.059722222222222204,-0.08333333333333333,-0.16666666666666666,-0.5,-0.23402777777777778,-0.5,-0.15555555555555559,-0.09375,-0.0875
-0.125,-0.14204545454545456,-0.1,-0.17152777777777778,-0.05,-0.08333333333333333,-0.07777777777777779,-0.5,-0.25,-0.15999999999999998
-0.575,-0.26666666666666666,-0.14583333333333334,-0.15555555555555559,-0.2,-0.0875,-0.1875,-0.07682539682539682,-0.09375,-0.23666666666666666
-0.23125,-0.4,-0.05555555555555556,-0.009595959595959616,-0.025,-0.25,-0.061079545454545456,-0.5,-0.2,-0.3055555555555555
-0.4,-0.15000000000000002,-0.2,-0.15555555555555559,-0.3,-0.125,-0.019999999999999997,-0.05625,-0.21,-0.5
-0.09375,-0.5,-0.35000000000000003,-0.4,-0.09375,-0.9750000000000001,-0.19375,-0.125,-0.025,-0.2
-0.25,-0.08616071428571428,-0.20138888888888892,-0.02321428571428571,-0.2658333333333333,-0.16666666666666666,-0.15555555555555559,-0.09375,-0.30000000000000004,-0.125
-0.1,-0.020000000000000007,-0.04583333333333334,-0.010763888888888892,-0.08333333333333333,-0.15555555555555559,-0.05,-0.14732142857142858,-0.25,-0.1699074074074074
-0.8,-1.0,-0.125,-0.05,-0.6666666666666666,-0.020833333333333332,-0.05,-0.1875,-0.25,-0.17708333333333331
-0.125,-0.0125,-0.1,-0.17500000000000002,-0.05,-0.11851851851851854,-0.0625,-0.1875,-0.35000000000000003,-0.25
-0.45,-0.06250000000000001,-0.2416666666666667,-0.1,-0.125,-0.05,-0.010416666666666664,-0.07777777777777779,-0.6999999999999998,-0.7
-0.1875,-0.38518518518518524,-0.16666666666666666,-0.390625,-0.34375,-0.060833333333333336,-0.17,-0.16666666666666666,-0.125,-0.07500000000000004
-0.07777777777777779,-0.13622448979591836,-0.05833333333333333,-0.20666666666666667,-0.4895833333333333,-0.17884615384615385,-0.625,-0.14285714285714285,-0.9,-0.15555555555555559
-0.04999999999999999,-0.525,-0.4,-0.04444444444444443,-0.2,-0.3499999999999999,-0.23055555555555554,-0.4,-0.1111111111111111,-0.1
-0.15,-0.2106060606060606,-0.05000000000000001,-0.6,-0.5,-0.09583333333333334,-0.050000000000000024,-0.1375,-0.26125,-1.0
-0.14375,-0.15185185185185188,-0.02666666666666668,-0.125,-0.15555555555555559,-0.65,-0.234375,-0.025,-0.024000000000000004,-0.1875
-0.4,-0.23214285714285715,-0.3706018518518519,-0.3,-0.1875,-0.39999999999999997,-0.475,-0.020833333333333336,-0.35,-0.225
-0.25,-0.0625,-0.051851851851851864,-0.05,-0.04151785714285715,-0.21,-0.15000000000000002,-0.5,-0.021428571428571443,-0.26
-0.15000000000000002,-0.39615384615384613,-0.4,-0.08,-0.05,-0.06666666666666667,-0.1875,-0.17708333333333331,-0.11750000000000001,-0.25
-0.03645833333333333,-0.6999999999999998,-0.2,-0.45,-0.012784090909090912,-0.16898148148148148,-0.09375,-0.3125,-0.175,-0.025
-0.14285714285714285,-0.1111111111111111,-0.15555555555555559,-0.5,-0.1,-0.25,-0.011111111111111118,-0.09166666666666667,-0.2,-0.3333333333333333
-0.1875,-0.07777777777777779,-0.1,-0.6125,-2.7755575615628914e-17,-0.5,-0.019499999999999993,-0.25,-0.17152777777777778,-0.13586309523809526
-0.1798358585858586,-0.225,-0.06999999999999998,-0.125,-0.45,-0.6,-1.0,-0.125,-0.25,-0.1125
-0.3333333333333333,-0.125,-0.6999999999999998,-0.25,-0.049999999999999996,-0.15625,-0.2,-0.30000000000000004,-0.75,-0.06666666666666665
-0.125,-0.125,-1.1895246692412391e-17,-0.05,-0.6,-0.3666666666666667,-0.024999999999999994,-0.1,-0.049999999999999996,-0.03125
-0.5,-0.12222222222222222,-0.09583333333333333,-0.1875,-0.55,-0.10714285714285714,-0.125,-0.2916666666666667,-0.1,-0.08333333333333333
-1.0,-0.15,-0.3,-0.05,-0.15937500000000002,-0.041666666666666664,-0.175,-0.20714285714285707,-0.029166666666666664,-0.325
-0.44999999999999996,-0.75,-0.06666666666666667,-0.15555555555555559,-0.05,-0.08333333333333333,-0.0625,-0.20000000000000004,-0.033333333333333326,-0.025
-0.4,-0.25,-0.15833333333333333,-0.5,-0.5,-0.13,-0.4,-0.125,-0.1875,-0.07285714285714284
-0.2,-0.19999999999999998,-0.058024691358024696,-0.03272727272727274,-0.24285714285714283,-0.09375,-0.2,-0.153125,-0.3125,-0.1875
-0.09166666666666666,-0.05,-0.2,-0.375,-0.2,-0.05,-0.6,-0.15555555555555559,-0.07777777777777779,-0.05185185185185185
-0.1875,-0.2,-0.1875,-0.30000000000000004,-0.05194805194805195,-0.09166666666666667,-0.1875,-1.0,-0.06624999999999999,-0.023611111111111117
-0.6,-0.05681818181818182,-0.3,-0.21000000000000002,-0.6,-0.007142857142857141,-0.13333333333333333,-0.05853174603174602,-0.25,-0.125
-0.4666666666666666,-0.4049999999999999,-0.4,-0.2333333333333333,-1.0,-0.2380952380952381,-0.07142857142857142,-0.07777777777777779,-0.15555555555555559,-0.10833333333333334
-0.08333333333333333,-0.5,-0.1,-0.06571428571428573,-0.0625,-0.4124999999999999,-0.7,-0.35,-0.05773809523809525,-0.07777777777777779
-0.04999999999999999,-0.03571428571428571,-0.1,-0.025,-0.24375000000000002,-0.075,-0.2858974358974358,-0.1,-0.04999999999999999,-0.4
-0.011111111111111118,-0.3,-0.10185185185185186,-0.1,-0.2916666666666667,-0.11666666666666665,-0.11388888888888889,-0.05,-0.1875,-0.07777777777777779
-0.375,-0.35,-0.16666666666666666,-0.0225,-0.1875,-0.2333333333333333,-0.08333333333333333,-0.2,-0.01851851851851852,-0.15
-0.30185185185185187,-0.2916666666666667,-0.05,-0.08333333333333333,-0.2,-0.75,-0.21875,-0.25,-0.049999999999999996,-0.03333333333333333
-0.14285714285714285,-0.34375,-0.08181818181818185,-0.041666666666666664,-0.15555555555555559,-0.5,-0.016666666666666673,-0.6999999999999998,-0.6999999999999998,-0.09499999999999997
-0.1,-0.09999999999999998,-0.05,-0.21428571428571427,-0.6,-0.125,-0.043452380952380944,-0.0619047619047619,-0.02777777777777779,-0.125
-0.04999999999999999,-0.1875,-0.10185185185185186,-0.07777777777777779,-0.3,-0.1,-0.1,-0.1,-0.11041666666666668,-0.14642857142857144
-0.10370370370370373,-0.017045454545454548,-3.469446951953614e-18,-0.11607142857142858,-0.075,-0.15555555555555559,-0.08333333333333333,-0.2,-0.5333333333333333,-0.05000000000000001
-1.0,-0.08994708994708996,-0.125,-0.14583333333333334,-1.0,-0.033333333333333326,-0.15555555555555559,-0.3333333333333333,-0.05416666666666667,-0.25
-0.3,-0.03472222222222223,-0.007870370370370375,-1.0,-0.5,-0.6,-0.06666666666666665,-0.25,-0.125,-0.5
-0.11435185185185186,-0.4,-0.234375,-0.09305555555555556,-0.2,-0.15555555555555559,-0.4000000000000001,-0.48611111111111116,-0.5,-0.2
-0.05,-0.0625,-0.027083333333333334,-0.1,-0.1875,-0.1,-0.08217592592592593,-0.06684027777777778,-0.17291666666666666,-0.225
-0.05,-0.3125,-0.053333333333333344,-0.014285714285714294,-0.02121212121212122,-0.1875,-0.16499999999999998,-0.0509920634920635,-0.012500000000000011,-0.1277777777777778
-0.0975,-0.3666666666666667,-0.26666666666666666,-0.05,-0.6,-0.03148148148148148,-0.11979166666666667,-0.2916666666666667,-0.05,-0.15
-0.1,-0.06666666666666665,-0.21499999999999994,-0.15555555555555559,-0.23333333333333336,-0.125,-0.4,-0.12291666666666665,-0.15555555555555559,-0.15555555555555559
-0.15,-0.057142857142857134,-0.15555555555555559,-0.2916666666666667,-0.010763888888888892,-0.07777777777777779,-1.0,-0.18333333333333335,-0.0880952380952381,-0.11964285714285716
-0.8,-0.1875,-0.375,-0.16666666666666666,-0.05,-0.09375,-0.05,-0.25,-0.6,-0.2916666666666667
-0.20185185185185187,-0.2,-0.1,-0.15,-0.8749999999999998,-0.15555555555555559,-0.13749999999999998,-0.6,-0.021875000000000006,-0.125
-0.1875,-0.1875,-0.08888888888888889,-0.09280303030303032,-0.15555555555555559,-0.04874999999999999,-0.15000000000000002,-0.13571428571428573,-0.1,-0.07777777777777779
-0.15,-0.1875,-0.011111111111111118,-0.05,-0.041666666666666664,-0.06785714285714287,-0.30000000000000004,-0.5,-0.14888888888888888,-0.2785714285714286
-0.164,-0.13333333333333333,-0.03017857142857143,-0.13101851851851853,-0.0638888888888889,-0.2,-0.5,-0.20833333333333331,-0.2760416666666667,-0.1
-0.21666666666666667,-0.2,-0.15,-0.25611111111111107,-6.938893903907228e-18,-0.01666666666666667,-0.30000000000000004,-0.07777777777777779,-0.21000000000000002,-0.25
-0.02500000000000001,-0.1972222222222222,-0.025,-0.1,-0.20000000000000004,-0.038095238095238085,-0.56,-0.25,-0.08333333333333333,-0.1138888888888889
-0.5,-0.2,-0.14952380952380953,-0.15555555555555559,-0.1,-0.4,-0.2,-0.19999999999999998,-0.4,-0.20833333333333331
-1.0,-0.1,-0.5,-0.09999999999999999,-0.1875,-0.234375,-0.16749999999999998,-0.125,-0.07291666666666667,-0.4
-0.3,-0.016666666666666666,-0.025,-0.1,-0.04375,-0.05952380952380953,-0.11619047619047618,-0.6999999999999998,-0.15555555555555559,-0.2
-0.1875,-0.13333333333333333,-0.3125,-0.625,-0.35000000000000003,-0.5,-0.6,-0.09999999999999998,-0.25,-0.010714285714285707
-0.06111111111111111,-0.3,-0.125,-0.15625,-0.2,-0.08333333333333333,-0.15,-0.30000000000000004,-0.1875,-0.5
-0.2833333333333333,-0.25,-0.027777777777777783,-0.3125,-0.13333333333333333,-0.06666666666666667,-0.25,-0.5,-0.3986111111111111,-0.225
-0.125,-0.2,-0.5,-0.016666666666666666,-0.15555555555555559,-0.07777777777777779,-0.18333333333333326,-0.3277777777777778,-0.04733333333333333,-0.25
-0.25,-0.5,-0.31666666666666665,-0.18666666666666668,-0.4,-0.1,-0.4,-0.2,-0.09375,-0.012499999999999997
-0.060119047619047614,-0.1875,-0.25,-0.041666666666666664,-0.13333333333333333,-0.025,-0.08009259259259259,-0.2,-0.2,-0.033333333333333326
-0.05,-0.25,-0.11699999999999999,-0.09375,-0.029166666666666664,-0.1375,-0.2,-0.0625,-0.06666666666666667,-0.06666666666666667
-1.0,-0.19999999999999998,-0.375,-0.056249999999999994,-0.19375,-0.125,-0.16666666666666666,-0.30000000000000004,-0.32916666666666666,-0.09480158730158729
-0.5,-0.55,-0.075,-0.05714285714285719,-0.05,-0.2,-0.125,-0.4,-0.5,-0.24375000000000002
-0.021428571428571425,-0.3,-0.06493055555555556,-0.12121212121212122,-0.125,-0.4,-1.0,-0.3,-0.16666666666666666,-1.0
-1.0,-0.1685185185185185,-0.11805555555555554,-0.175,-0.44375,-0.075,-0.55,-0.15555555555555559,-0.02799999999999999,-0.05
-0.21666666666666667,-0.18333333333333335,-0.7,-0.1777777777777778,-0.16666666666666666,-0.2777777777777778,-0.3125,-0.2625,-0.08333333333333333,-0.05000000000000001
-0.049999999999999996,-0.1,-0.125,-0.08333333333333333,-0.5,-0.05,-0.18333333333333335,-0.1875,-0.2,-0.24375
-0.041666666666666664,-0.13333333333333333,-0.009595959595959616,-0.203125,-0.5,-0.05,-1.0,-0.14375,-0.12857142857142856,-0.07500000000000001
-0.0049999999999999906,-0.1,-0.05555555555555555,-0.1,-0.4,-0.07857142857142856,-1.0,-0.024999999999999994,-0.30000000000000004,-0.1875
-0.009523809523809526,-0.0625,-0.2,-0.1851851851851852,-0.037500000000000006,-0.6999999999999998,-0.5,-0.1,-0.25,-0.125
-0.3,-0.16666666666666666,-0.2,-0.1,-0.0625,-0.0015555555555555544,-0.020833333333333332,-1.0,-0.01666666666666667,-0.033333333333333326
-0.14583333333333334,-0.16666666666666666,-0.019999999999999997,-0.07500000000000001,-0.09583333333333333,-0.15555555555555559,-0.3083333333333333,-0.012499999999999983,-0.05,-0.2
-0.8,-0.23650000000000002,-0.41874999999999996,-0.4,-0.1875,-0.0888888888888889,-0.1,-0.16666666666666666,-0.29375,-0.5
-0.37777777777777777,-0.1875,-0.7,-0.05555555555555555,-0.2,-0.1,-0.16666666666666666,-0.02,-0.2785714285714286,-0.15555555555555559
-0.234375,-1.0,-0.2,-0.125,-0.075,-0.09375,-0.28125,-0.2,-0.29166666666666663,-0.15555555555555559
-0.15,-0.049999999999999996,-0.02111111111111112,-0.15,-0.3,-0.05,-0.31666666666666665,-0.051851851851851864,-0.2,-0.2
-0.16666666666666666,-0.05,-0.38888888888888884,-0.12499999999999999,-0.03385416666666667,-0.05833333333333333,-1.0,-0.2,-0.2,-0.02777777777777779
-0.15,-0.404,-0.1395833333333333,-1.0,-0.1875,-0.3888888888888889,-0.038095238095238106,-0.21458333333333332,-0.6,-0.00462962962962963
-0.05,-0.24375,-0.012500000000000011,-0.21,-0.10740740740740741,-1.0,-0.7,-0.16666666666666666,-0.13,-0.26666666666666666
-0.2,-0.6,-0.25,-0.025,-0.16666666666666666,-0.06666666666666667,-0.2,-0.6,-0.25,-0.033333333333333326
-0.1,-0.38518518518518524,-0.016666666666666673,-0.0638888888888889,-0.020092592592592565,-0.5,-0.4333333333333333,-0.07500000000000001,-0.225,-0.05
-0.3499999999999999,-0.15,-0.013888888888888902,-0.13333333333333333,-0.15,-0.1,-0.36458333333333337,-0.030555555555555575,-0.09375,-0.0625
-0.29999999999999993,-0.15,-0.5,-0.02777777777777779,-0.09000000000000001,-0.05663265306122449,-0.1875,-0.07291666666666666,-0.1513888888888889,-0.8
-0.3125,-0.0875,-0.15555555555555559,-0.10000000000000002,-0.175,-0.04666666666666667,-0.1875,-0.07083333333333333,-0.1875,-0.8571428571428572
-0.14375,-0.025,-0.4,-0.020000000000000004,-0.1875,-0.2,-0.2,-0.07777777777777779,-0.05,-0.10625
-0.29583333333333334,-0.125,-0.025,-0.0625,-0.175,-0.001041666666666663,-0.1875,-0.05,-0.5,-0.6999999999999998
-0.05,-0.14583333333333334,-0.13333333333333333,-0.05416666666666667,-0.2,-0.5,-0.1,-0.3333333333333333,-0.018750000000000003,-0.06666666666666667
-0.125,-0.03571428571428571,-0.2,-0.7,-0.13333333333333333,-0.07083333333333335,-0.20190476190476195,-0.25,-0.03,-0.675
-0.25,-1.0,-0.09999999999999999,-0.09375,-0.09375,-0.05,-0.07499999999999998,-0.11851851851851854,-0.10714285714285715,-0.026388888888888896
-0.8,-0.4000000000000001,-0.07187500000000001,-0.2,-0.024999999999999994,-0.3706018518518519,-0.13846153846153847,-0.23333333333333328,-0.3033333333333333,-0.09375
-0.07500000000000001,-0.125,-0.38518518518518524,-0.2,-0.057499999999999996,-0.1,-1.0,-0.016666666666666663,-0.3125,-0.3125
-0.2,-0.18333333333333335,-0.5,-0.3,-0.25,-0.05,-0.15555555555555559,-0.2,-0.1875,-0.25
-0.0625,-0.125,-0.1875,-0.25,-0.12187500000000001,-0.125,-0.3,-0.125,-0.09375,-0.31666666666666665
-0.08101851851851853,-0.9,-0.15625,-0.09583333333333334,-0.25,-0.022222222222222216,-0.1875,-0.5,-0.35,-0.1125
-0.171875,-0.485,-0.15,-0.11979166666666667,-0.23333333333333336,-0.3125,-0.012499999999999997,-0.09375,-0.2916666666666667,-0.275
-0.195,-0.35,-0.3277777777777778,-0.16666666666666666,-0.1875,-0.09375,-0.13333333333333333,-0.033333333333333326,-0.1875,-0.07500000000000001
-0.20833333333333331,-5.551115123125783e-18,-0.4,-0.065,-0.31666666666666665,-0.0638888888888889,-0.19999999999999998,-0.2,-0.1875,-0.11851851851851852
-0.05,-0.047685185185185185,-0.07777777777777779,-0.3125,-0.1875,-0.2,-0.1,-0.05555555555555555,-0.2,-0.045833333333333365
-0.5,-0.07777777777777779,-0.18571428571428572,-0.038095238095238106,-0.15625,-0.09555555555555557,-0.01200000000000001,-0.05,-0.1,-0.10833333333333334
-0.25520833333333337,-0.24375000000000002,-0.15555555555555559,-0.13111111111111112,-0.37187499999999996,-0.08333333333333333,-0.05,-0.5,-0.010000000000000009,-0.1875
-0.1875,-0.3125,-0.0003968253968254047,-0.07142857142857142,-0.06666666666666667,-0.5,-0.5,-0.22544642857142858,-0.30000000000000004,-0.2
-0.014285714285714301,0.3,-0.04375,-0.15,-0.3,-0.125,0.2533333333333333,-0.5,-0.6999999999999998,-0.6
-0.325,0.5,0.55,-0.15555555555555559,-0.2722222222222222,0.2375,0.7,-0.04375,-0.2,-0.075
-0.15555555555555559,0.203125,0.1625,-0.08333333333333327,-0.3125,0.02777777777777778,0.25,-0.0642857142857143,-0.13,-0.3083333333333333
-0.1,0.3028571428571428,0.1125,-0.25,-0.3125,0.25,0.08333333333333333,-0.09166666666666666,-0.1875,-0.5
-0.2,0.4,0.05,-0.07916666666666666,-0.125,0.12682539682539684,0.3,-0.07500000000000001,-0.15,-0.11666666666666665
-0.2,0.65,0.25,-0.3125,-0.15555555555555559,0.05133928571428571,0.1,-0.05,-0.2,-0.1277777777777778
-0.07187500000000001,0.13636363636363635,0.2533333333333333,-1.0,-0.0625,0.26,0.15625,-0.3,-0.4,-0.0638888888888889
-0.2,0.7,0.7,-0.9,-0.02500000000000001,0.6,0.37777777777777777,-0.1380357142857143,-0.033333333333333326,-0.13333333333333333
-0.21,0.35,0.0875,-0.03571428571428571,-0.2,0.13636363636363635,0.15888888888888889,-0.19999999999999998,-0.19999999999999996,-0.16666666666666666
-0.21435185185185188,0.16666666666666666,0.1,-0.033333333333333326,-0.14999999999999997,0.2857142857142857,0.47833333333333333,-0.08173076923076923,-0.40714285714285714,0.21428571428571427
-0.07187500000000001,0.33939393939393936,0.6,-0.033333333333333326,-0.15000000000000002,0.3,0.16222222222222224,-0.21428571428571427,-0.15000000000000002,0.4
-0.05,0.6,0.2,-0.15185185185185188,-0.2,0.1007716049382716,0.16666666666666666,-0.018518518518518528,0.5,0.4377551020408163
-0.1,0.2,0.013492063492063487,-0.2,-0.15000000000000002,0.2,0.21428571428571427,-0.15555555555555559,0.23333333333333334,0.39999999999999997
0.2,0.4,0.0125,-0.049999999999999996,0.26249999999999996,0.26079545454545455,0.4,-0.3,0.12000000000000002,0.35
0.38125,0.07827380952380951,0.044444444444444446,-1.0,0.35,0.2,0.5,-0.033333333333333326,0.15000000000000002,0.10952380952380952
0.85,0.25,0.65,0.0654761904761905,0.34249999999999997,0.5,0.06666666666666667,0.22499999999999998,0.2857142857142857,0.6
0.7,0.6,0.15625,0.022222222222222227,0.2,0.15000000000000002,0.11636904761904761,0.1361607142857143,0.30000000000000004,0.19999999999999998
0.4,0.25,0.3,0.3,0.1391666666666667,0.08194444444444444,0.36,0.028571428571428564,0.1523809523809524,0.5
0.4785714285714286,0.25,0.08010204081632653,0.3,0.48333333333333334,0.1,0.2928571428571428,0.65,0.037500000000000006,0.05000000000000002
0.2,0.47857142857142854,0.16666666666666666,0.5,0.31666666666666665,0.5,0.1,0.2,0.35,0.32857142857142857
0.5,0.35,0.10416666666666667,0.3333333333333333,0.2,0.13675595238095237,0.2857142857142857,0.2,0.1,0.13125
0.5,0.15,0.25,0.5,0.033333333333333326,0.7,0.2,0.3333333333333333,0.5166666666666666,0.15000000000000002
0.08194444444444444,0.0757142857142857,0.2,0.4,0.1,0.25625,0.2,0.21111111111111114,0.1375,0.128125
0.2857142857142857,0.3166666666666667,0.13333333333333333,0.28,0.0031250000000000167,0.05875,0.3,0.08333333333333333,0.14999999999999997,0.024999999999999994
0.25,0.8,0.16250000000000003,0.16041666666666665,0.26,0.42125,0.21666666666666667,0.016666666666666666,0.3666666666666667,0.8
0.04999999999999999,0.08333333333333333,0.7549999999999999,0.3,0.65,0.2,0.26875,0.4,0.2333333333333333,0.2
0.007142857142857131,0.2,0.24583333333333332,0.3287037037037037,0.16666666666666669,0.5,0.03571428571428571,0.17222222222222222,0.25,0.025000000000000012
0.16666666666666666,0.1,0.06250000000000003,0.36666666666666664,0.275,0.15714285714285714,0.8,0.06145833333333334,0.15,0.3
0.35714285714285715,0.1761904761904762,0.125,0.27499999999999997,0.26666666666666666,0.2333333333333333,0.13,0.1,0.33999999999999997,0.26
0.3,0.23749999999999996,0.034999999999999996,0.625,0.2,0.045202020202020195,0.05,0.2333333333333333,0.16,0.024999999999999994
0.625,0.1,0.12023809523809526,0.35,0.3,0.35,0.05,0.5,0.5,0.2
0.18571428571428572,0.3,0.1,0.4333333333333333,0.6,0.253125,0.16979166666666667,0.325,0.1,0.26666666666666666
0.04282407407407407,0.36124999999999996,0.09999999999999999,0.5,0.024999999999999994,0.2,0.6666666666666666,0.019999999999999997,0.3,0.2
0.024999999999999994,0.25,0.08333333333333333,0.08333333333333333,0.7,0.35,0.15714285714285714,0.2,0.03333333333333333,0.06666666666666667
0.14814814814814814,0.11714285714285715,0.4002777777777778,1.0,0.3333333333333333,0.018750000000000003,0.15208333333333332,0.5666666666666668,0.525,0.31666666666666665
0.13636363636363635,0.08,0.011904761904761899,0.12916666666666668,0.54375,0.054134615384615385,0.22828282828282828,0.07142857142857142,0.06666666666666665,0.4666666666666667
0.23611111111111108,0.5,0.8,0.325,0.10416666666666667,0.13749999999999998,0.2571428571428571,0.22000000000000003,0.55,0.7
0.5,0.1875,0.01904761904761905,0.39999999999999997,0.6,0.5333333333333333,0.09999999999999999,0.4,0.07291666666666666,0.4
0.11666666666666665,0.3333333333333333,0.08000000000000002,0.13428571428571429,0.4,0.3,0.425,0.2,0.375,0.016666666666666666
0.015625,0.16666666666666666,0.21428571428571427,0.2770833333333334,0.05833333333333334,0.21666666666666667,0.15,0.21666666666666667,0.06160714285714287,0.7
0.29625,0.12083333333333333,0.5,0.175,0.32,0.21428571428571427,0.4,0.1,0.375,0.2619047619047619
0.5,0.0625,0.25,0.25,0.05,0.8,0.3464285714285714,0.8,0.5,0.25
0.2625,0.6,0.24629629629629632,0.7,0.1,0.21428571428571427,0.8,0.6,0.2,0.6
0.5,0.6,0.1,0.2,0.1,0.036458333333333315,0.625,1.0,0.25,0.17222222222222222
0.2,0.375,0.05000000000000001,0.15625,0.2,0.6,0.8,0.05,0.13636363636363635,0.2
0.4,0.5,0.16666666666666666,0.4166666666666667,0.2732323232323232,0.5,0.321875,0.1,0.14583333333333334,0.4
0.7,0.19,0.4047619047619047,0.15714285714285714,1.0,0.39999999999999997,0.15833333333333333,0.275,0.2,0.08333333333333333
0.16666666666666666,0.7,0.35,0.0009920634920635005,0.15000000000000002,0.5,0.5,0.029166666666666674,0.09727891156462586,0.15
0.5,0.19999999999999998,0.1,0.1,0.15000000000000002,0.18148148148148147,0.25,0.1875,0.04999999999999999,0.2
0.08650793650793649,0.05,0.5,0.5,0.7333333333333333,0.3,0.1,0.5,0.05,1.0
0.27,0.1732142857142857,0.30666666666666664,0.18333333333333335,0.3075,0.1125,0.02878787878787879,0.09523809523809523,0.4,0.3
0.0642361111111111,0.42500000000000004,0.26666666666666666,0.475,0.4,0.2,0.44523809523809527,0.25,0.8,0.15833333333333333
0.17812499999999998,0.3333333333333333,0.3,0.5666666666666668,0.55,0.19999999999999998,0.057638888888888885,0.2833333333333333,0.33697916666666666,0.5
0.3410714285714286,1.0,0.4,0.03333333333333333,0.0375,0.1,0.18333333333333335,0.3,0.125,0.3666666666666667
0.15,0.6,0.5,0.20208333333333334,0.4,0.14147727272727273,0.3,0.1,0.20833333333333334,0.0066666666666666706
0.5,0.1,0.05,0.09999999999999999,0.25,0.06822916666666666,0.4666666666666666,0.5,0.05,0.525
0.1,0.4,0.5166666666666667,0.875,0.5,0.5,0.25,0.5,0.1784126984126984,1.0
0.4,0.03333333333333333,0.1,0.014814814814814808,0.4166666666666667,0.225,0.8,0.1,0.35,0.375
0.25,0.03333333333333333,0.32,0.35,0.11574074074074074,0.20555555555555555,0.7,0.1,0.325,0.3
0.25833333333333336,0.275,0.018750000000000003,0.48333333333333334,0.05,0.7000000000000001,0.6,0.12,0.3666666666666667,0.47333333333333333
0.8,0.5,0.05,0.1,0.2857142857142857,0.5833333333333334,0.06770833333333334,0.06818181818181818,0.1,0.6
0.047222222222222235,0.375,0.4666666666666666,0.1,0.6333333333333333,0.4125,0.2583333333333333,0.2,0.27499999999999997,1.0
0.08916666666666669,0.046875,0.19999999999999998,0.6,0.06799999999999999,0.6,1.0,0.3336363636363636,0.8,0.5
0.6,0.5,0.09791666666666665,0.13333333333333333,0.25,0.06666666666666667,0.11818181818181818,0.3333333333333333,0.06153846153846154,0.1
0.13125,0.2,0.25,0.002500000000000005,0.06666666666666667,0.03333333333333333,0.875,0.07,0.375,0.11441558441558441
0.175,0.12222222222222222,0.1,0.08214285714285713,0.05,0.25833333333333336,0.12916666666666665,0.05,0.16285714285714287,0.23333333333333334
0.45,0.22499999999999998,0.5,0.08333333333333333,0.6,0.14206349206349206,0.5,0.1,0.011111111111111106,0.6
0.3,0.16666666666666666,0.025000000000000005,0.16666666666666666,0.6,0.021428571428571425,0.6,0.15833333333333333,0.2333333333333333,0.2833333333333333
0.16666666666666666,0.5,0.1375,0.18666666666666668,0.13636363636363635,0.09523809523809523,0.1,0.08333333333333333,0.0875,0.175
0.5,0.1,0.03460648148148147,0.14285714285714285,0.45,0.05,0.15000000000000002,0.625,0.15,0.5
0.21999999999999997,0.3766666666666667,0.025,0.45499999999999996,0.15625,0.25,0.26666666666666666,0.4,0.037500000000000006,0.5
0.5,0.3,0.125,0.09999999999999999,0.5875,0.5,0.35,0.16319444444444442,0.3666666666666667,0.09999999999999999
0.38749999999999996,0.1513888888888889,0.19166666666666665,0.26666666666666666,0.6,0.21,0.4666666666666666,0.025,0.1,0.18750000000000003
0.4,0.278125,0.07777777777777779,0.16666666666666666,0.2,0.35,0.15625,0.5,0.27699999999999997,0.39285714285714285
0.0875,0.5,0.38571428571428573,0.3,0.35,0.3,0.12071428571428572,0.75,0.26,0.043809523809523826
0.03166666666666666,0.21428571428571427,0.3333333333333333,0.4375,0.2857142857142857,0.13333333333333333,0.6,0.25,0.06818181818181818,0.004615384615384616
0.1722222222222222,0.1,0.3416666666666667,0.5,0.00416666666666668,0.3541666666666667,0.26785714285714285,0.05000000000000001,0.1,0.0125
0.04999999999999999,0.29285714285714287,0.22361111111111112,0.06944444444444443,0.7,0.18333333333333335,1.0,0.06818181818181818,0.1875,0.12222222222222223
0.18333333333333335,0.2,0.7,0.375,0.033333333333333326,0.6,0.22000000000000003,0.1,0.26666666666666666,0.2
0.037662337662337654,0.1,0.2,0.3666666666666667,0.32727272727272727,0.2,0.06666666666666667,0.1,0.028125000000000004,0.1
0.20000000000000004,0.55,0.25,0.0875,0.65,0.14444444444444443,0.15,0.3125,0.4,0.2
0.3666666666666667,0.21428571428571427,0.09166666666666667,0.20312500000000003,0.43333333333333335,0.05,0.25,0.5,0.5,0.5
0.7000000000000001,0.043939393939393945,0.2,0.17714285714285713,0.16944444444444443,0.12177272727272728,0.25,0.12999999999999998,0.17875,0.2
0.3922222222222222,0.3,0.4333333333333333,0.5,0.6666666666666666,0.3,0.35,0.6,0.2375,0.036111111111111115
0.178125,0.6,0.75,0.21727272727272728,0.7,0.3,0.5,0.2,0.31666666666666665,0.4041666666666666
0.175,0.09678571428571428,0.1,0.20555555555555557,0.128125,0.2,0.1,0.6,0.2,0.21666666666666665
0.1,0.3,0.7,0.3064814814814815,0.13636363636363635,0.39285714285714285,1.0,0.56,0.5,0.3
0.03333333333333333,0.55,0.27499999999999997,0.15625,0.22916666666666669,0.5,0.25,0.1,0.14166666666666666,0.15000000000000002
0.07500000000000001,0.6,0.028571428571428588,0.05,0.35,0.01833333333333334,0.09375,0.16666666666666666,0.22812499999999997,0.21428571428571427
0.2,0.16666666666666666,0.4,0.5,0.1,0.4166666666666667,0.2333333333333333,0.3,0.25,0.03125
0.35,0.25,0.25,0.875,0.13636363636363635,0.5,0.016666666666666666,0.5,0.25,0.7
0.5,0.5,0.242,0.25,0.20625,0.5,0.5,0.11898148148148147,0.7,0.6
0.265,0.19999999999999998,0.15999999999999998,0.3,0.07500000000000001,0.19000000000000003,0.3666666666666667,0.05,0.05,0.08
0.2,0.10000000000000002,0.4581818181818182,0.26285714285714284,0.2726190476190476,0.014814814814814808,0.1340909090909091,0.4375,0.10714285714285714,0.14285714285714285
0.5,0.3,0.13333333333333333,0.5416666666666666,0.6,0.038888888888888896,0.6666666666666666,0.275,0.1416666666666667,0.5333333333333333
0.6,0.18333333333333335,0.1605952380952381,0.12000000000000002,0.30000000000000004,0.16249999999999998,0.08916666666666669,0.7,0.4,0.5
0.16666666666666666,0.6,0.05333333333333334,0.16666666666666666,0.16666666666666666,1.0,0.1,0.35,0.3875,0.065
0.0062500000000000056,0.2,0.22499999999999998,0.03125,0.7749999999999999,0.03333333333333334,0.1,0.5,0.1,0.17812500000000003
0.25,0.6,0.10833333333333332,0.3041666666666667,0.85,0.3333333333333333,0.3666666666666667,0.25,0.7,0.3541666666666667
0.25,0.028124999999999983,0.14700000000000002,0.1,0.2,0.1,0.2857142857142857,0.3190476190476191,0.1,0.3481481481481481
0.5523809523809524,0.39999999999999997,0.19583333333333333,0.5,0.004166666666666652,0.125,0.11041666666666666,0.25,0.35,0.25
0.35,0.22777777777777777,0.5333333333333333,0.45555555555555555,0.2125,0.075,0.4454545454545455,0.128125,0.1,0.13749999999999998
0.1,0.11818181818181818,0.04722222222222223,0.5,0.1125,0.1380952380952381,0.5,0.5,0.303125,0.6
0.16666666666666669,0.16666666666666666,0.15,0.26666666666666666,0.3125,0.03125,0.019999999999999983,0.01515376984126984,0.875,0.16026936026936026
0.17916666666666667,0.18333333333333332,0.4,0.2,0.1,0.16666666666666666,1.0,0.875,0.17727272727272728,0.3333333333333333
0.13333333333333333,0.44285714285714284,0.19351851851851853,0.2222222222222222,0.19166666666666665,0.48333333333333334,0.6,0.05,0.6,0.35
0.26,0.45,0.20277777777777775,0.4000000000000001,0.1,0.06666666666666667,0.20634920634920637,0.5,0.04907407407407407,0.4
0.39999999999999997,0.34069264069264066,0.18333333333333335,0.2033333333333333,0.3833333333333333,0.625,0.6,0.145,0.2857142857142857,0.20833333333333334
0.1,0.016666666666666677,0.5,0.06666666666666667,0.1,0.6,0.35,0.012500000000000011,0.10416666666666667,0.2111111111111111
0.5,0.0626984126984127,0.5,0.4375,0.25,0.5,0.228125,0.23333333333333336,0.1,0.14583333333333334
0.12,0.17777777777777778,0.5,0.8,0.0625,0.7666666666666666,0.4666666666666667,0.17857142857142858,0.3499999999999999,0.2441666666666667
0.7,0.05555555555555555,0.11583333333333332,0.3,0.47,0.12878787878787878,0.125,0.7,0.25,0.4
0.8,0.5,0.04740740740740742,0.7,0.1,0.04999999999999999,0.2,0.31875,0.6,0.1766666666666667
0.04419642857142856,0.5,0.23750000000000002,0.35,0.8,0.5,0.15,0.1,0.02500000000000001,0.5
0.040624999999999994,0.05,0.1,0.05659722222222223,0.5,0.31666666666666665,0.056249999999999994,0.31587301587301586,0.35,0.05492424242424242
0.5,1.0,0.19999999999999996,0.013888888888888895,0.03968253968253968,0.25,0.17272727272727273,0.03333333333333333,0.2222222222222222,0.2857142857142857
0.26249999999999996,0.2375,0.1,0.27749999999999997,0.2,0.1,0.04999999999999999,0.625,0.11666666666666665,0.05000000000000002
0.2,0.4666666666666666,0.16249999999999998,0.037500000000000006,0.0075,0.20714285714285713,0.4,0.4222222222222222,0.65,0.278125
0.6,0.4,0.7,0.8,0.1875,0.18015873015873016,0.6,0.2777777777777778,0.325,0.04999999999999999
0.175,0.1,0.35000000000000003,0.7,0.5,0.2672727272727273,0.07500000000000001,0.08,0.5,0.25
0.1,0.6,0.3416666666666666,0.3333333333333333,0.6,0.07956349206349207,0.17083333333333334,0.125,0.4333333333333333,0.1
0.07708333333333332,0.19642857142857142,0.2,0.1761904761904762,0.2,0.1,0.375,0.05000000000000002,0.5,0.2
0.8,0.675,0.002777777777777775,0.38125,0.08333333333333333,0.061249999999999985,0.35000000000000003,0.625,0.14285714285714285,0.03750000000000001
0.06666666666666667,0.25,0.07777777777777778,1.3877787807814457e-17,0.13,0.04999999999999999,0.65,0.6,0.10833333333333332,0.41999999999999993
0.175,0.8,0.31666666666666665,0.020153061224489798,0.2,0.125,0.4666666666666666,0.35,0.19999999999999998,0.1
0.4,0.4333333333333333,0.43333333333333335,0.2,0.19999999999999998,1.0,0.21428571428571427,0.0625,0.3,0.19999999999999998
0.25377777777777777,0.1,0.75,0.20666666666666664,0.325,0.6,0.13636363636363635,0.037500000000000006,0.1,0.3
0.36,0.06666666666666667,0.3489682539682539,0.6,0.25625,0.00416666666666668,0.4,0.35,0.09444444444444444,0.29166666666666663
0.3,0.06666666666666667,0.35,0.05,0.2,0.8,0.5,0.7,0.13333333333333333,0.5
0.45714285714285713,0.15000000000000002,0.03000000000000001,0.1,0.30000000000000004,0.07500000000000001,0.3666666666666667,0.3,0.29583333333333334,0.1878787878787879
0.3333333333333333,0.525,0.2833333333333334,0.1,0.012499999999999997,0.25,0.125,0.4,0.1,0.025
0.2777777777777778,0.03333333333333333,0.45,0.5,0.2,0.7,0.6,0.08819444444444444,0.3922222222222222,0.05208333333333334
0.2857142857142857,0.25,0.35833333333333334,0.15,0.4333333333333333,0.625,0.06666666666666668,0.03333333333333333,0.016666666666666666,0.15
0.6,0.09999999999999999,0.14583333333333334,0.08,0.1,0.505,0.5,0.8,0.5,0.255
0.45,0.29375,0.5,0.24,0.1,0.2619047619047619,0.85,0.04,0.10000000000000002,0.5
0.3,0.25,0.16666666666666666,0.31666666666666665,0.1625,0.0040000000000000036,0.55,0.25,0.1,0.1
0.175,0.2,0.078125,0.15000000000000002,0.3333333333333333,0.4166666666666667,0.6,0.18148148148148147,0.06875,0.11666666666666665
0.17777777777777778,0.25,0.08333333333333333,0.7,0.3,0.25,0.1,0.3,0.3277777777777778,0.05
0.43392857142857144,0.029166666666666674,0.55,0.25,0.17460317460317462,0.1757142857142857,0.19666666666666666,0.45499999999999996,1.0,0.2
0.6,0.6,0.24814814814814815,0.6,0.25,0.22857142857142856,0.6,0.1,0.1,0.06666666666666665
0.375,0.290625,0.2,0.6,0.1,0.2833333333333333,0.25,0.4083333333333334,0.16666666666666666,0.5
0.25,0.06666666666666667,0.029389880952380945,0.13636363636363635,0.024999999999999994,0.008333333333333331,0.3333333333333333,0.06111111111111111,0.78,0.0566220238095238
0.31190476190476185,0.062499999999999986,0.08333333333333333,0.125,0.6,0.13636363636363635,0.25,0.3333333333333333,0.425,0.24166666666666667
0.09166666666666667,0.31,0.2166666666666667,0.175,0.08333333333333333,0.3333333333333333,0.0062500000000000056,0.15000000000000002,0.5,0.5
0.198125,0.6,0.19000000000000003,0.0625,0.16,0.02416666666666667,0.18333333333333332,0.2857142857142857,0.03333333333333333,0.16597222222222224
0.11111111111111112,0.2,0.25,0.15,0.6,0.020163690476190484,0.20833333333333334,0.18571428571428572,0.2,0.5
0.01366666666666667,0.13636363636363635,0.5,0.5083333333333333,0.11666666666666665,0.15,0.2,0.2,0.13333333333333333,0.06666666666666665
0.19166666666666665,0.43333333333333335,0.11616161616161616,0.2,0.3541666666666667,0.20476190476190478,0.5,0.05,0.025,0.13636363636363635
0.1,0.35,0.07291666666666666,0.1,0.1736111111111111,0.5,0.011458333333333334,0.019047619047619053,0.5,0.15000000000000002
0.4,0.2,0.5,0.5,0.16,0.2225,0.10357142857142856,0.175,0.016666666666666663,0.16785714285714287
0.5,0.03333333333333333,0.5,0.17777777777777778,0.375,0.35000000000000003,0.425,0.1,0.11249999999999999,0.5
0.1075,0.10555555555555556,0.5,0.7,0.05,0.4222222222222222,0.2,0.10555555555555553,0.45,0.08
0.13,0.0875,0.2722222222222222,0.32916666666666666,0.25,0.225,0.2,0.024999999999999967,0.27777777777777773,0.41666666666666663
0.19999999999999998,0.3,0.125,0.07083333333333333,0.7,0.375,0.09666666666666666,0.1,0.35,0.25
0.5171428571428571,0.06507936507936506,0.2,0.2,0.1,0.1,0.3071428571428571,0.2,0.2,0.038888888888888896
0.5583333333333333,0.3333333333333333,0.5,0.3499999999999999,0.625,0.2,0.1,0.2,0.35000000000000003,0.4
0.1,0.0125,0.6,0.5125,0.85,0.26666666666666666,0.19166666666666665,0.519047619047619,0.3214285714285714,0.13
0.07878787878787878,0.15000000000000002,0.18166666666666664,0.4,0.005681818181818177,0.02916666666666666,0.5231818181818182,0.55,1.0,0.4
0.07499999999999998,0.1,0.5333333333333333,0.1,0.25,0.35,0.2333333333333333,0.06666666666666668,0.3666666666666667,0.325
0.6,0.037500000000000006,0.034375,0.027777777777777752,0.29107142857142854,0.55,0.7,0.11818181818181818,0.26,0.19285714285714284
0.05,0.14952380952380953,0.2,0.1,0.3833333333333333,0.20493827160493824,0.11818181818181818,0.8333333333333334,0.13636363636363635,0.2966666666666667
0.5,0.078125,0.35000000000000003,0.375,0.2,0.04999999999999999,0.8,0.27142857142857146,0.3,0.075
0.05,0.054166666666666675,0.5282051282051282,0.09166666666666666,0.1,0.1,0.25625,0.1,0.223469387755102,0.2494047619047619
0.14999999999999997,0.18148148148148147,0.15,0.7,0.2,0.2,0.3333333333333333,0.13888888888888884,0.1,0.43333333333333335
0.3148148148148148,0.3444444444444445,0.14000000000000004,0.7,0.8,0.05952380952380952,0.4681818181818182,0.022222222222222227,0.05,0.05
0.4666666666666666,0.3324074074074074,0.08333333333333333,0.7,0.0027210884353741477,0.2875,0.028571428571428564,0.27222222222222225,0.25,0.15833333333333333
0.23333333333333336,0.2,0.0625,0.3,0.35,0.0393939393939394,0.06666666666666667,0.08,0.1,0.525
0.03125,0.4,0.125,0.5,0.1845238095238095,0.03979591836734694,0.25,0.09722222222222221,0.4000000000000001,0.5625
0.8,0.125,0.15,0.26666666666666666,0.15208333333333332,0.06888888888888889,0.2,0.175,0.15999999999999998,0.5
0.26,0.3,0.5,0.35,0.14814814814814814,0.014814814814814808,0.19326923076923075,0.07314814814814814,0.55,0.3
0.5,0.475,0.036111111111111094,0.20000000000000004,0.3,0.07291666666666667,0.4,0.2125,0.6,0.09999999999999999
0.3181818181818182,0.43333333333333335,0.18333333333333335,0.3499999999999999,0.12857142857142856,0.07142857142857142,0.3225,0.625,0.10000000000000002,0.5
0.35,0.16666666666666666,0.75,0.11493055555555555,0.1,0.16458333333333336,0.08333333333333334,0.03125,0.1,0.4222222222222222
0.026041666666666675,0.2,0.19488888888888886,0.2,0.25,0.28125,0.05,0.04727272727272727,0.4,0.1
0.35714285714285715,0.43333333333333335,0.2,0.1818181818181818,0.23714285714285716,0.16666666666666666,0.30000000000000004,0.06666666666666667,0.17020202020202022,0.6
0.2788888888888889,0.0619047619047619,0.35000000000000003,0.25,0.5757575757575758,0.2928571428571428,0.41111111111111115,0.8,0.75,0.1
0.1,0.1,0.2,0.05,0.7,0.125,0.16666666666666666,0.2,0.18333333333333335,0.6333333333333334
0.011111111111111106,0.6,0.10000000000000002,0.19999999999999998,0.20000000000000004,0.2,0.5,0.05888888888888888,0.2,0.4625
0.25,0.16,0.2,0.065,0.41500000000000004,0.4,0.6100000000000001,0.0033333333333333327,0.2,0.5111111111111111
0.1,0.020833333333333332,0.14999999999999997,0.09693877551020409,0.2,0.16666666666666666,0.05000000000000002,0.1,0.3825,0.75
0.22000000000000003,0.4166666666666667,0.25,0.2,0.15999999999999998,0.43333333333333335,0.30625,0.35,0.38,0.25
0.08124999999999999,0.6,0.7,0.12718253968253967,0.375,1.0,0.13333333333333336,0.06999999999999999,0.26666666666666666,0.19444444444444442
0.03125,0.26666666666666666,0.1,0.4681818181818182,0.30000000000000004,0.7000000000000001,0.5,0.11666666666666668,0.27261904761904765,0.5
0.05000000000000001,0.78,0.4125,0.03472222222222222,0.4625,0.20976190476190476,0.35,0.05555555555555556,0.525,0.015476190476190477
0.3666666666666667,0.15,0.008159722222222207,0.55,0.08148148148148147,0.15,0.22000000000000003,0.05833333333333333,0.19285714285714284,0.7
0.39249999999999996,0.425,0.7,0.25,0.35,0.025000000000000022,0.12916666666666665,0.19,0.225,0.10000000000000002
0.44666666666666666,0.505,0.7,0.13,0.4,0.6316666666666666,0.8,0.1,0.0625,0.06000000000000001
0.8,0.525,0.04895833333333334,0.08333333333333333,0.7,0.19,0.3,0.15416666666666665,0.2,0.24285714285714285
0.07999999999999999,0.3,0.625,0.3,0.1625,0.195,0.8,0.375,0.2,0.25
0.7,0.5,0.1,0.30000000000000004,0.43,0.054166666666666675,0.55,0.03333333333333335,0.08333333333333333,0.315
0.30000000000000004,0.2222222222222222,0.27999999999999997,0.32222222222222224,0.4,0.05729166666666666,0.25,0.05416666666666667,0.19166666666666665,0.10500000000000001
0.6,0.2,0.0062500000000000056,0.03392857142857143,0.3833333333333333,0.39999999999999997,1.0,0.2222222222222222,0.056249999999999994,0.08333333333333333
0.04999999999999999,0.1625,0.3333333333333333,0.27875,0.2,0.34062499999999996,0.39999999999999997,0.13119047619047616,0.35,0.1
0.5,0.19999999999999998,0.5,0.19999999999999998,0.6,0.009000000000000008,0.3,0.3,0.75,0.78
0.17857142857142858,0.25,0.2,0.1125,0.1111111111111111,0.0675,0.75,0.55,0.3333333333333333,0.36
0.5,0.2,0.19999999999999998,0.1875,0.5,0.6,1.0,0.10000000000000002,0.4483333333333333,0.5
0.18000000000000002,0.3833333333333333,0.65,0.015625,0.7,0.315625,0.3,0.5,0.20625,0.09
0.14166666666666666,0.05,0.15000000000000002,0.03333333333333333,0.25416666666666665,0.8,0.08492063492063492,0.5,0.27,0.125
0.6,0.6,0.4055555555555556,0.7,0.36666666666666664,0.10000000000000002,0.35,0.21428571428571427,0.2,0.2
0.4666666666666667,0.4,0.28380952380952384,0.025000000000000005,0.125,0.325,0.4,0.16,1.0,0.5
0.5,0.125,0.21875,0.38958333333333334,0.24285714285714285,0.1,0.25,0.19999999999999998,0.625,0.3
0.29523809523809524,0.05805555555555557,0.4166666666666667,0.012500000000000004,0.2,0.14285714285714285,0.3,0.85,0.725,0.4
0.8,0.35000000000000003,0.125,0.25,0.5666666666666667,0.1,0.2333333333333333,0.6,0.3225,0.26666666666666666
0.10833333333333334,0.375,0.275,0.06857142857142856,0.875,0.04642857142857143,0.275,0.09285714285714285,0.5,0.4035714285714286
0.15625,0.23333333333333336,0.06818181818181818,0.13055555555555554,0.05625000000000001,0.16666666666666666,0.121875,0.16666666666666666,0.4125,0.29523809523809524
0.5,0.36547619047619045,0.1,0.5,0.2,0.3666666666666667,0.45,0.3,0.2808333333333333,0.172
0.375,0.2875,0.5,0.3875,0.2875,0.14553571428571427,0.35,0.3333333333333333,0.1875,0.23388888888888887
0.125,0.2672727272727273,0.06,0.3355555555555555,0.26,0.09166666666666667,0.16666666666666666,0.07704081632653062,0.375,0.45
0.2,0.43333333333333335,6.938893903907228e-18,0.2,0.35,0.3,0.2,0.18,0.35,0.23611111111111108
0.2041666666666667,0.45999999999999996,0.25,0.2814814814814815,0.3,0.1333333333333333,0.35,0.14285714285714285,0.16666666666666666,0.05833333333333333
0.4,0.9,0.04583333333333333,0.1,0.17142857142857146,0.5,0.29833333333333334,0.3,0.5,0.19
0.34,0.6,0.2,0.00589743589743591,0.35,0.125,0.2041666666666667,0.09500000000000001,0.3267676767676768,0.22380952380952382
0.45,0.03148148148148147,0.18888888888888888,0.34545454545454546,0.175,0.06666666666666668,0.55,0.2,0.3625,0.011111111111111112
0.025,0.06666666666666665,0.5,0.3333333333333333,0.024999999999999994,0.10833333333333334,0.09999999999999998,0.057142857142857134,0.5,0.6
0.40714285714285714,0.016666666666666646,0.4,0.5,0.0062500000000000056,0.25312500000000004,0.3833333333333333,0.1,0.12222222222222222,0.2
0.6,0.16666666666666666,0.5,0.05000000000000001,0.1,0.1,0.24583333333333332,0.4222222222222222,0.25,0.2875
0.25,0.25,0.13819444444444445,0.1,0.25,1.0,0.15833333333333333,0.25,0.4166666666666667,0.01948051948051948
0.1,0.08333333333333333,0.25,0.7,0.525,0.5,0.10000000000000002,0.11742424242424243,0.5,0.13
0.43,0.05,0.13333333333333333,0.24833333333333335,0.31428571428571433,0.375,0.046875,0.6,0.21428571428571427,0.125
0.30416666666666664,0.125,0.09846153846153846,0.12666666666666665,0.26875,0.75,0.2,0.18333333333333335,0.2,0.1416666666666667
1.0,0.6666666666666666,0.2372727272727273,0.021666666666666678,0.2333333333333333,0.5,0.21212121212121213,0.2775793650793651,0.4,0.3
0.23916666666666667,0.12142857142857141,0.2708333333333333,0.16666666666666666,0.375,0.5,0.052651515151515144,0.05,0.25,0.3
0.15625,0.375,0.3,0.25,0.45,0.5,0.012499999999999997,0.175,0.1,0.05000000000000002
0.4,0.04999999999999999,0.20208333333333334,0.11666666666666665,0.5,0.125,0.023809523809523808,0.2,0.8,0.475
0.7,0.5,0.22555555555555556,0.5,0.48666666666666664,0.15,0.39285714285714285,0.2,0.08124999999999999,0.18333333333333335
0.85,1.0,0.2125,0.06249999999999999,0.3055555555555556,0.06818181818181818,0.10833333333333334,0.15000000000000002,0.26666666666666666,0.5
0.10416666666666667,0.2,0.5,0.075,0.1,0.14285714285714285,0.35,0.16888888888888892,0.2833333333333333,0.4
0.10138888888888889,0.125,0.17500000000000004,0.06111111111111111,0.05833333333333333,0.85,0.029999999999999992,0.05,0.5,0.6
0.2,0.4166666666666667,0.09999999999999998,0.6,0.16666666666666666,0.7,0.13333333333333333,0.2494047619047619,0.103125,0.08333333333333333
0.2857142857142857,0.21999999999999997,0.625,0.375,0.15,0.25,0.175,0.05,0.016666666666666666,0.36666666666666664
0.013392857142857137,0.78,0.11499999999999999,0.23730158730158732,0.25,0.215625,0.30000000000000004,0.5625,0.3,0.425
0.09642857142857142,0.22000000000000003,0.01666666666666667,0.06666666666666667,0.1,0.11904761904761904,0.14285714285714285,0.2,0.24375,0.315
0.25,0.55,0.35,0.2222222222222222,0.7000000000000001,0.03333333333333334,0.34,0.5,0.089010989010989,0.2
0.09375,0.6,0.4,0.3181818181818182,0.3,0.4,0.08,0.027142857142857142,0.25,0.303125
0.2722222222222222,0.26875,0.014285714285714282,0.21666666666666667,0.9100000000000001,0.16666666666666666,0.2777777777777778,0.1625,0.6,1.0
0.078125,0.234375,0.17500000000000002,0.3666666666666667,0.39,0.1,0.55,0.14999999999999997,0.375,0.21666666666666667
0.5,0.125,0.46875,0.35,0.25,0.125,0.0062500000000000056,0.15,0.5387878787878787,0.1
0.45,0.24666666666666667,0.041666666666666664,0.25,0.019166666666666655,0.21428571428571427,0.04142857142857143,0.04722222222222223,0.1625,0.2
0.5,0.20156249999999998,0.17500000000000002,0.13636363636363635,0.044444444444444446,0.1,0.5,0.1714285714285714,0.25,0.1875
0.2,0.25,0.35,0.12249999999999998,0.3666666666666667,0.1375,0.08333333333333333,0.2,0.371875,0.2
0.45,0.06666666666666667,0.2880952380952381,0.3,0.21818181818181817,0.4875,0.05,0.2357142857142857,0.13999999999999999,0.3
0.5,0.8,0.4,0.44999999999999996,0.3333333333333333,0.18571428571428572,0.45,0.075,0.1,0.3333333333333333
0.6,0.05,0.19464285714285715,0.5,0.7,0.3838383838383838,0.04999999999999999,0.9099999999999999,0.07142857142857142,0.26
0.4666666666666667,0.07291666666666666,0.1,0.21481481481481482,0.7,0.25,0.4666666666666666,0.09523809523809523,0.25,0.17030303030303032
0.20625,0.13316498316498318,0.05,0.016666666666666673,0.19999999999999996,0.011481481481481481,0.35625,0.3,0.30625,0.05357142857142857
0.4,0.7,0.046875,0.328125,0.125,0.08769841269841273,0.14147727272727273,0.4375,0.06999999999999999,0.3466666666666667
0.18285714285714286,0.22222222222222224,0.23240740740740737,0.18692307692307691,0.35,0.3333333333333333,0.7,0.018333333333333333,0.06818181818181818,0.1
0.5,0.15555555555555556,0.1,0.3333333333333333,0.425,0.31666666666666665,0.15000000000000002,0.3333333333333333,0.21428571428571427,0.09666666666666665
0.1,0.40625,0.07500000000000001,0.18,0.21428571428571427,0.10500000000000001,0.10000000000000002,0.075,0.32857142857142857,0.5
0.5,0.28409090909090906,0.325,0.12857142857142856,0.13636363636363635,0.28,0.19999999999999998,0.13636363636363635,0.9099999999999999,0.5
0.1,0.0062500000000000056,0.2,0.5083333333333333,0.21428571428571427,0.11493055555555555,0.6,0.33333333333333337,0.075,0.2
0.325,0.26,0.2,0.25,0.26666666666666666,0.25,0.42000000000000004,0.2824285714285714,0.1,0.14999999999999997
0.18333333333333335,0.21428571428571427,1.0,0.5625,0.35000000000000003,0.2,0.35,0.25,0.2,0.32063492063492066
0.26666666666666666,0.5549999999999999,0.14282407407407408,0.06000000000000001,0.5,0.1,0.2,0.013945578231292515,0.14805555555555552,0.3333333333333333
0.004761904761904773,0.21562499999999996,0.11212121212121212,0.04999999999999999,0.43333333333333335,0.1875,0.14285714285714285,0.1,0.6,0.06666666666666667
0.65,0.12361111111111112,0.1,0.4,0.09375,0.6,0.05,0.2,0.20611111111111105,0.4166666666666667
0.4,0.15625,0.17777777777777778,0.25,0.5428571428571429,0.3145502645502645,0.16818181818181818,0.15625,0.10714285714285714,0.033333333333333326
0.26,0.35714285714285715,0.26079545454545455,0.03333333333333333,0.024999999999999994,0.5,0.565,0.7,0.11904761904761905,0.13333333333333333
0.2583333333333333,0.06999999999999999,0.0625,0.15249999999999997,0.19999999999999998,0.625,0.275,0.058839285714285726,0.125,0.2857142857142857
0.3333333333333333,0.2023809523809524,0.16,0.075,0.5685714285714286,0.2875,0.625,0.15000000000000002,0.47333333333333333,0.09444444444444444
0.13333333333333333,0.41666666666666663,0.15933333333333333,0.5549999999999999,0.1,0.332,0.1875,0.17500000000000002,0.17727272727272728,0.5
0.055408653846153844,0.5,0.44000000000000006,0.3208333333333333,0.5,0.3,0.36818181818181817,0.1,0.3125,0.5
0.225,0.2607142857142857,0.5,0.21666666666666667,0.053125000000000006,0.19999999999999998,0.4166666666666667,0.15000000000000002,0.21666666666666667,0.037037037037037035
0.2375,0.625,0.3633333333333334,1.0,0.20625,0.5,0.1,0.7,0.065625,0.75
0.06000000000000001,0.75,0.042857142857142864,0.08035714285714288,0.2041666666666667,0.15714285714285714,0.4,0.45000000000000007,0.9099999999999999,0.04666666666666667
0.1,0.0062500000000000056,0.05000000000000001,0.31666666666666665,0.6333333333333333,0.5,0.5,0.2,0.17500000000000002,0.2
0.25,0.2,0.18061224489795918,0.4,0.21428571428571427,0.054761904761904755,0.05,0.85,0.1,0.78
0.5,0.5,0.2,0.21428571428571427,0.16250000000000003,0.20833333333333334,0.03333333333333333,0.06666666666666667,0.15357142857142855,0.8
0.30000000000000004,0.75,0.3157142857142857,0.08333333333333333,0.2,0.1,0.35,0.85,0.2,0.1
0.37187500000000007,0.3333333333333333,0.25,0.2,0.26,0.35,0.8333333333333334,0.2,0.024999999999999994,0.23333333333333336
0.15,0.7,0.15,0.19999999999999996,0.2,0.42500000000000004,0.39285714285714285,0.4071428571428571,0.21428571428571427,0.475
0.1,0.2,0.25,0.25,0.12499999999999999,0.06,0.6,0.5,0.2857142857142857,0.04999999999999999
0.075,0.16666666666666666,0.125,0.8,0.8125,0.1798185941043084,0.225,0.14266666666666666,0.12291666666666667,0.17222222222222222
0.4954545454545454,0.6,0.5,0.19285714285714287,0.06111111111111111,0.5,0.3,0.55,0.325,0.12416666666666668
0.6333333333333333,0.18333333333333335,0.325,0.16875,0.7,0.5,0.05972222222222223,0.26666666666666666,0.1875,0.26875
0.45,0.35,0.1,0.39999999999999997,0.275,0.25999999999999995,0.21166666666666667,0.2857142857142857,0.5,0.5
0.625,0.08333333333333336,0.5,0.4,0.22000000000000003,0.09999999999999998,0.1361111111111111,0.24583333333333332,0.275,0.125
0.1,0.03537414965986395,0.39999999999999997,0.01874999999999999,0.103125,0.15000000000000002,0.05,0.15,0.3,0.25
0.078125,0.1851851851851852,0.3,0.265,0.5,0.12888888888888891,0.4041666666666667,0.12878787878787878,0.2,0.47500000000000003
0.5,0.16666666666666666,0.125,0.45499999999999996,0.1,0.09999999999999999,0.2,0.26666666666666666,0.10000000000000002,0.05892857142857143
0.004166666666666652,0.5,0.5,0.13666666666666666,0.09999999999999998,0.5,0.3125,0.2666666666666667,0.05,0.05892857142857143
0.6666666666666667,0.19999999999999998,0.1,0.175,0.26666666666666666,0.7,0.2,0.2,0.13636363636363635,0.2857142857142857
0.8,0.575,0.20625,0.016666666666666677,0.41041666666666665,0.3,0.25,0.525,0.043333333333333335,0.5
0.30000000000000004,0.22166666666666668,0.25,0.375,0.375,0.53125,0.5,0.4928571428571428,0.15,0.19999999999999998
0.24999999999999997,0.225,0.3666666666666667,0.2,0.45,0.09,0.27999999999999997,0.5,0.04999999999999999,0.2875
0.24285714285714288,0.05,0.15,0.13333333333333333,0.5,0.2857142857142857,0.35,0.022222222222222213,0.20714285714285716,0.26944444444444443
0.20892857142857144,0.5,0.125,0.3,0.7,0.5,0.3333333333333333,0.1314814814814815,0.6,0.6
0.09285714285714286,0.5375,0.55,0.11830357142857142,0.11035714285714285,0.52,0.45,0.25,0.25,0.1
0.16666666666666666,0.4333333333333333,0.05,0.2388888888888889,0.4,0.2,0.278125,0.15333333333333332,0.11557539682539682,0.45
0.19999999999999998,0.02666666666666667,0.10000000000000002,0.22000000000000003,0.09999999999999999,0.1388888888888889,0.13333333333333333,0.5,0.1671875,0.1
0.7,0.35,0.05,0.036111111111111115,0.11458333333333331,0.6,0.4,0.008333333333333331,0.08333333333333333,0.3
0.033333333333333326,0.35,0.27777777777777773,0.15000000000000002,0.22222222222222218,0.35,0.19999999999999998,0.05,0.07500000000000001,0.1
0.037500000000000006,0.33697916666666666,0.5,0.19999999999999998,0.04305555555555556,0.25,0.1,0.06666666666666667,0.22500000000000003,0.215
0.16875000000000004,0.2285714285714286,0.1,0.2,0.16666666666666666,0.7,0.75,0.2333333333333333,0.09375,0.43333333333333335
0.175,0.2875,0.09118055555555556,0.14404761904761904,0.2333333333333333,0.13,0.26666666666666666,0.15,0.25,0.5208333333333334
0.5,0.7166666666666667,0.6,0.08148148148148147,0.17666666666666667,0.2,0.26666666666666666,0.7,0.2,0.225
0.4333333333333333,0.15000000000000002,0.07222222222222224,0.26666666666666666,0.3,0.1384920634920635,0.06666666666666667,0.2857142857142857,0.12878787878787878,0.4
0.25,0.275,0.014814814814814808,0.6,0.05444444444444444,0.14999999999999997,0.06818181818181818,0.12083333333333335,0.9099999999999999,0.04999999999999996
0.17285714285714285,0.175,0.05659340659340659,0.13749999999999998,0.5,0.425,0.06875,0.19444444444444442,0.675,0.1
0.08263888888888889,0.2125,0.275,0.2375,0.11666666666666665,0.09444444444444444,0.4875000000000001,0.2382936507936508,0.43333333333333335,0.5833333333333334
0.4,0.355,0.16750000000000004,0.05000000000000001,0.15,0.5,0.13333333333333333,0.15000000000000002,0.25,0.4
0.04999999999999999,0.016666666666666677,0.20714285714285713,0.16,0.1,0.6,0.340625,0.26875,0.23122294372294372,0.1
0.2857142857142857,0.1,0.012500000000000011,0.11111111111111112,0.35,0.25,0.3444444444444444,0.0062500000000000056,0.04999999999999999,0.5
0.55,0.2,0.0625,0.01547619047619048,0.4333333333333333,0.09999999999999999,0.12500000000000003,0.31666666666666665,0.6,0.7
0.26666666666666666,0.5,0.7,0.08046875,0.1,0.037500000000000006,0.2857142857142857,0.17812499999999998,0.5,0.11666666666666665
0.35,0.48750000000000004,0.02083333333333333,0.20625,0.004999999999999982,0.08333333333333333,0.2,0.1275,0.3333333333333333,0.25
0.08727272727272728,0.26111111111111107,0.22348484848484848,0.12291666666666666,0.19999999999999998,0.5111111111111111,0.5,0.4666666666666666,0.2375,0.22000000000000003
0.5,0.7916666666666666,0.13333333333333333,0.08333333333333333,0.8,0.5,0.15000000000000002,0.2722222222222222,0.25,0.39999999999999997
0.3,0.7,0.5,0.056249999999999994,0.1,0.5,0.12,0.5,0.2,0.16944444444444448
0.35,0.12142857142857141,0.08333333333333333,0.17272727272727273,0.10714285714285714,0.1,0.8,0.1,0.05729166666666666,0.3125
0.5,0.1,0.182962962962963,0.04,0.5,0.026686507936507935,0.07314814814814814,0.13333333333333333,0.6375,0.48484848484848486
0.39999999999999997,0.1174074074074074,0.2,0.5,0.05000000000000001,0.002777777777777777,0.21428571428571427,0.25,0.5,0.26666666666666666
0.125,0.26666666666666666,0.7,0.7,0.1,0.15625,0.4,0.6,0.8,0.2375
0.5016666666666667,0.04999999999999999,0.23809523809523808,0.25,0.36,0.025,0.6408333333333334,0.1,0.3194444444444445,0.20000000000000004
0.14285714285714285,0.272,0.5,0.04999999999999999,0.875,0.4,0.03125,0.08333333333333333,0.5,0.8
0.1807692307692308,0.5,0.1849206349206349,0.5,0.3,0.1,0.20714285714285713,0.325,0.24285714285714285,0.25
0.2,0.35,0.2,0.1076388888888889,0.6,0.21111111111111114,0.2,0.2,0.4,0.16666666666666666
0.03375,0.1,0.2625,0.009999999999999998,0.21428571428571427,0.3,0.12666666666666668,0.3,0.5,0.275
0.20000000000000004,0.22653061224489798,0.1,0.1,0.2333333333333333,0.26666666666666666,0.09666666666666668,0.25,0.675,0.75
0.2,0.5,0.36571428571428566,0.35,0.3,0.07857142857142858,0.875,0.375,0.0038461538461538602,0.1
0.39999999999999997,0.1,0.2,0.2,0.1,0.042222222222222223,0.2,0.2875,0.7000000000000001,0.22999999999999998
0.21666666666666665,0.27916666666666673,0.7,0.33333333333333326,0.0925,0.372,0.4,0.1,0.21428571428571427,0.049999999999999996
0.028125000000000004,0.8333333333333334,0.075,0.06666666666666665,0.1,0.1,0.07857142857142857,0.1,0.4,0.2575
0.125,0.1431818181818182,0.08333333333333333,0.125,0.1,0.35000000000000003,1.0,0.10714285714285714,0.44727272727272727,0.04999999999999999
0.6,0.2,0.03333333333333333,0.24166666666666667,0.5,0.14285714285714285,0.375,0.3,0.2,0.09375
0.10166666666666666,0.0875,0.03333333333333333,0.07083333333333335,0.1,0.3333333333333333,0.21666666666666665,0.07142857142857142,0.28833333333333333,0.1375
0.5666666666666667,0.012499999999999997,0.08625,0.375,0.23333333333333334,0.03888888888888888,0.07619047619047621,0.1875,0.16666666666666666,0.375
0.6,0.5833333333333334,0.00555555555555555,0.06666666666666668,0.06666666666666667,0.19,0.1,0.05,0.10999999999999999,0.17500000000000002
0.040624999999999994,0.35,0.375,0.14375,0.06875,0.09999999999999998,0.39999999999999997,0.08452380952380953,0.7,0.06666666666666665
0.153125,0.08333333333333333,0.1744047619047619,0.5833333333333334,0.175,0.12857142857142856,0.048511904761904756,0.2857142857142857,0.08,0.25
0.2791666666666667,0.1,0.26999999999999996,0.25,0.0972222222222222,0.4454545454545455,1.0,0.25,0.625,0.15000000000000002
0.1,0.35,9.25185853854297e-18,0.6,0.2,0.011428571428571423,0.25,0.3458333333333333,0.3833333333333333,0.255
0.3333333333333333,0.55,0.11249999999999999,0.30238095238095236,0.4,0.41500000000000004,0.12,0.19999999999999998,0.15625,0.10208333333333333
0.03750000000000001,0.1,0.14583333333333334,0.03333333333333335,0.45,0.3333333333333333,0.16666666666666666,0.44166666666666665,0.475,0.55
0.30000000000000004,0.35,0.15714285714285714,0.5,0.35,0.022222222222222213,0.375,0.55,0.4,0.5
0.10000000000000003,0.425,0.5,0.2136111111111111,0.6,0.2592592592592593,0.3,0.6,0.1921875,0.08499999999999999
0.11607142857142858,0.4,0.15999999999999998,0.10000000000000002,0.3558333333333333,0.16493055555555555,0.225,0.125,0.25,0.1
0.4875,0.5,0.09282407407407407,0.25,0.1,0.08333333333333334,0.1761904761904762,0.1625,0.7666666666666666,0.08
0.4375,0.5,0.0925,0.07500000000000001,0.65,0.2,0.6,0.7,0.14166666666666664,0.5
0.2333333333333333,0.07708333333333331,0.03333333333333334,0.04999999999999999,0.25,0.016666666666666656,0.25,0.12916666666666665,0.1,0.5
0.7,0.06891666666666667,0.10921717171717171,0.1875,0.24062499999999998,0.11041666666666666,0.3333333333333333,0.21428571428571427,0.14285714285714285,0.25
0.125,0.5,0.6,0.85,0.2333333333333333,0.14250000000000002,1.0,0.13541666666666669,0.35,0.11666666666666664
0.39999999999999997,0.5,0.3333333333333333,0.39999999999999997,0.4,0.3833333333333333,0.5,0.2857142857142857,0.19285714285714284,0.1
0.5,0.06818181818181818,0.18333333333333335,0.25,0.6375,0.08125,0.1,0.4,0.6,0.15833333333333333
0.1,0.45,0.05587121212121212,0.1,0.1,0.19630952380952382,0.35,0.25,0.24285714285714285,0.15
0.20833333333333334,0.11666666666666665,0.05,0.31666666666666665,0.13541666666666669,0.375,0.3041666666666667,0.30000000000000004,0.5,0.0625
0.03333333333333333,0.55,0.15,0.11742424242424243,0.5,0.05722222222222221,0.1375,0.12160493827160496,0.08888888888888886,0.12916666666666668
0.35770202020202013,0.1,0.30000000000000004,0.4166666666666667,0.125,0.5071428571428571,0.18333333333333335,0.052314814814814814,0.30666666666666664,0.024999999999999994
0.3,0.6,0.4,0.37777777777777777,0.09523809523809523,0.29444444444444445,0.15000000000000002,0.35,0.0722222222222222,0.1
0.0062500000000000056,0.6,0.17083333333333334,0.36,0.15,0.09591836734693879,0.4,0.15265151515151515,0.25,0.2375
0.06666666666666667,0.35,0.07999999999999999,0.04999999999999999,0.2333333333333333,0.16145833333333331,0.05357142857142857,0.7083333333333333,0.16666666666666666,0.4
0.5,0.2,0.225,0.2,0.29375,0.375,0.21212121212121213,0.2,0.08333333333333333,0.5
0.2671428571428571,0.05,0.25833333333333336,0.1375,0.03125,0.041269841269841276,0.36,0.2,0.05,0.8
0.65,0.35,0.10000000000000002,0.175,1.0,0.16031746031746028,0.2857142857142857,0.1,0.071875,0.4375
0.15625,0.065,0.4222222222222222,0.016666666666666677,0.35,0.43333333333333335,0.08333333333333333,0.1,0.6499999999999999,0.5
0.06818181818181818,0.5,0.03703922340285976,0.08333333333333333,0.25,0.1875,0.6,0.16818181818181818,0.053125000000000006,0.018750000000000003
0.5,0.5,0.125,0.11666666666666665,0.15000000000000005,0.25,0.6,0.5,0.20208333333333334,0.125
0.2,0.425,0.33809523809523806,0.056249999999999994,0.22999999999999998,0.15,0.6,0.037500000000000006,0.4,0.55
0.6,0.2,0.024470899470899463,0.25,0.13333333333333333,0.44999999999999996,0.1,0.17500000000000002,0.5,0.17500000000000002
0.5,0.3666666666666667,0.03409090909090909,0.13333333333333333,0.2,0.06111111111111111,0.21393939393939393,0.25,0.32666666666666666,0.4063492063492064
0.3833333333333333,0.2333333333333333,0.6,0.2333333333333333,0.43333333333333335,0.1643939393939394,0.5,0.4,0.6,0.3
0.8,0.1,0.25,0.625,0.15688888888888888,0.17500000000000002,0.11666666666666668,0.4,0.2041666666666667,0.1
0.35,0.35,0.55,0.07785714285714286,0.2,0.2125,0.02727272727272727,0.1,0.0625,0.033766233766233764
0.75,0.057142857142857155,0.25,0.13333333333333333,0.05,0.5666666666666667,0.0625,0.525,0.03333333333333336,0.04282407407407409
0.38333333333333336,0.2125,0.7,0.5714285714285715,0.4225,0.1,0.21212121212121213,0.1,0.26666666666666666,0.1
0.13,0.13000000000000003,0.4,0.7,0.5,0.2,0.4,0.014814814814814808,0.5,0.0011111111111111044
0.7,0.375,0.35,0.6,0.33249999999999996,0.2,0.3,0.25,0.2333333333333333,0.25
0.2,0.3,0.5,0.3083333333333333,0.02499999999999998,1.0,0.2125,0.0625,0.03125,0.1
0.08,0.09999999999999999,0.1,0.05,0.298051948051948,0.3444444444444444,0.7,0.0625,0.1,0.22833333333333336
0.21428571428571427,0.08333333333333333,0.14166666666666666,0.07499999999999998,0.0642857142857143,0.15,0.47000000000000003,0.052083333333333336,1.0,0.3055555555555555
0.2,0.6833333333333332,0.2,0.2,0.1,0.09999999999999999,0.29761904761904767,0.3666666666666667,0.2857142857142857,0.37023809523809526
0.025,0.20625,0.13636363636363635,0.45,0.28035714285714286,0.175,0.15833333333333333,0.675,0.5,0.6
0.375,0.3333333333333333,0.41666666666666663,0.18333333333333335,0.30833333333333335,0.5,0.0703125,0.5,0.5,0.17209956709956709
0.057142857142857134,0.3,0.328125,0.02499999999999999,0.08750000000000001,0.033333333333333326,0.16666666666666666,0.10000000000000002,0.25,0.3
0.5666666666666667,0.05625000000000001,0.025000000000000022,0.27777777777777773,0.525,0.1872159090909091,0.05178571428571428,0.15,0.19999999999999998,0.007936507936507945
0.16666666666666666,0.5,0.4444444444444445,0.16666666666666663,0.6,0.1,0.85,0.06826923076923075,0.43333333333333335,0.11249999999999999
1.0,0.2,0.24166666666666667,0.075,0.2,0.55,0.07500000000000001,0.2,0.033333333333333326,0.17222222222222228
0.425,0.15000000000000002,0.16666666666666666,0.41111111111111115,1.0,0.11715367965367968,0.2333333333333333,0.26875,0.08333333333333333,0.35
0.23666666666666666,0.07333333333333333,0.22708333333333333,0.11708333333333336,0.08124999999999999,0.2041666666666667,0.2,0.19999999999999998,0.353125,0.05416666666666666
0.43333333333333335,0.1,0.15666666666666665,0.35,0.24166666666666667,0.1875,0.475,0.16,0.1,1.0
0.1125,0.7,0.14147727272727273,0.3833333333333333,0.3666666666666667,0.89,0.2,0.05178571428571429,0.23500000000000001,0.1
0.3333333333333333,0.3125,0.073125,0.8,0.78,0.4166666666666667,0.13749999999999998,0.3125,0.1,0.6
0.35,0.03880952380952382,0.253125,0.2,0.075,0.17791666666666667,0.30727272727272725,0.12346938775510205,0.5,0.4
0.4375,0.3107954545454546,0.625,1.0,0.28750000000000003,0.1714285714285714,0.125,0.15,0.4,0.7
0.3,0.8,0.009523809523809526,0.5,0.30000000000000004,0.09,0.225,0.5,0.2,0.1
0.5333333333333333,0.33749999999999997,0.1,0.11912878787878786,0.15625,0.325,0.09,0.05416666666666666,0.028124999999999997,0.15416666666666665
0.14285714285714285,0.05,0.24999999999999997,0.3125,0.03712121212121212,0.03750000000000001,1.0,0.22888888888888886,0.5428571428571429,0.1
0.2,0.08666666666666667,0.125,0.1375,0.17500000000000002,0.25,0.1,0.3875,0.4,0.26285714285714284
0.25,0.5,0.1,0.0833333333333333,0.15520833333333334,0.2,0.05,0.00625,0.2285714285714286,0.1
0.7,0.7,0.03214285714285713,0.05833333333333335,0.4875,0.1,0.03333333333333333,0.25,0.1,0.21428571428571427
0.7,0.23,0.4428571428571429,0.1,0.0962962962962963,0.21562499999999998,0.05000000000000001,0.5,0.04062500000000001,0.07222222222222223
0.6000000000000001,0.26666666666666666,0.17222222222222222,0.175,0.1333333333333333,0.1,0.4333333333333333,0.7,0.4,0.25
0.3142857142857143,0.4,0.03333333333333333,0.13958333333333334,0.15625,0.6,0.014236111111111099,0.27749999999999997,0.5,0.0625
0.25,0.45,0.16,0.2,0.05416666666666667,0.09714285714285714,0.15,0.2,0.2,0.3
0.25,0.5299999999999999,0.13636363636363635,0.1,0.5666666666666668,0.16693121693121699,0.2857142857142857,0.2,0.05,0.21071428571428572
0.14285714285714285,0.1,0.19999999999999998,0.5,0.16818181818181818,0.09523809523809522,0.25,0.12999999999999998,0.5333333333333333,0.4
0.25,0.13636363636363635,0.7333333333333333,0.425,0.1464285714285714,0.26666666666666666,0.7,0.025,0.0031250000000000028,0.1
0.1,0.25,0.26666666666666666,0.22301587301587303,0.21000000000000002,0.7,0.65,0.35833333333333334,0.07500000000000001,0.325
0.25,0.2041666666666667,0.0619047619047619,0.12000000000000002,0.255,0.35,0.7,0.13,0.2,0.37
0.6,0.35,0.48333333333333334,0.05000000000000001,1.0,0.06875,0.24374999999999997,0.225,0.13636363636363635,0.2916666666666667
0.6,0.2,0.5,0.2857142857142857,0.3625,0.2785714285714286,0.09999999999999998,0.2,0.13636363636363635,0.08
0.5,0.1875,0.3275,0.13636363636363635,0.5,0.25,0.2,0.16785714285714287,0.35,0.29642857142857143
0.5,0.1,0.25,0.3,0.1,0.75,1.850371707708594e-17,0.375,0.6,0.0062500000000000056
0.1,0.125,0.00416666666666667,0.225,0.5444444444444444,0.15625,0.26666666666666666,0.005555555555555548,0.35714285714285715,0.4166666666666667
0.5,0.2636904761904762,0.525,0.125,0.16,0.042142857142857135,0.7,0.0875,0.2714285714285714,0.0062500000000000056
0.3166666666666667,0.26944444444444443,0.4,0.06666666666666667,0.21875,0.1288888888888889,0.20000000000000004,0.025,0.1625,0.13194444444444445
0.7000000000000001,0.6499999999999999,0.12666666666666665,0.7,0.2,0.3,0.28125,0.43333333333333335,0.354,0.30833333333333335
0.2,0.35714285714285715,0.1,0.2,0.15,0.5,0.3,0.2,0.2833333333333334,0.2520833333333333
0.6,0.3333333333333333,0.15416666666666665,0.53125,0.5,0.25,0.3466666666666667,0.19999999999999998,0.5,0.05
0.10714285714285714,0.06666666666666667,0.2,0.5,0.2,0.2,0.6,0.33,0.25,0.05092592592592591
0.13,0.8,0.25999999999999995,0.3,0.4,0.07083333333333333,0.03125,0.053125000000000006,0.5,0.010185185185185186
0.25,0.1,0.7,0.25,0.25,0.04259259259259259,0.8,0.25,0.05,0.5
0.1,0.8,0.25416666666666665,0.06193181818181818,0.43500000000000005,0.7,0.15625,0.14583333333333334,0.275,0.25
0.04999999999999999,0.32999999999999996,0.1,0.16743395493395494,0.09078282828282828,0.020833333333333332,0.11999999999999997,1.0,0.5,0.26
0.25,0.8,0.13333333333333333,0.1,0.11249999999999999,0.25,0.8,0.19999999999999998,0.25,0.2821666666666666
0.04999999999999999,0.2,0.25,0.30625,0.4166666666666667,0.020833333333333332,0.041666666666666664,0.5,0.4666666666666667,0.08333333333333333
0.30625,0.1,0.09375,0.1,0.3833333333333333,0.3333333333333333,0.5,0.6000000000000001,0.34,0.15000000000000002
0.8,0.06666666666666667,0.075,0.3625,0.434375,0.40625,0.1,0.13636363636363635,0.3333333333333333,0.04999999999999999
0.029166666666666674,0.6,0.4375,0.2857142857142857,0.4,0.011111111111111118,1.0,0.875,0.011805555555555564,0.4
0.3333333333333333,0.3,0.5,0.025,0.525,0.125,0.5399999999999999,0.44999999999999996,0.5,0.12000000000000002
0.275,0.15266666666666667,0.037500000000000006,0.1787878787878788,0.14962121212121213,0.03266666666666667,0.125,0.125,0.30625,0.12857142857142856
0.5,0.35714285714285715,0.007142857142857131,0.6,0.3,0.4,0.4,0.3,0.19374999999999998,0.2
0.2,0.16666666666666666,0.1,0.5,0.1,0.03333333333333333,0.33796296296296297,0.4000000000000001,0.6,0.5875
0.05,0.06770833333333334,0.07083333333333335,0.25,1.0,0.25,0.4,0.08611111111111111,0.15,0.35
0.35,0.2,0.525,0.025000000000000005,0.45,0.08035714285714285,0.4,0.4666666666666667,0.39999999999999997,0.25
0.16625,0.5,0.015476190476190485,0.10000000000000002,0.49583333333333335,0.43000000000000005,0.01666666666666666,0.26875,0.005208333333333329,0.04166666666666666
0.375,0.75,0.2636904761904762,0.3333333333333333,0.24107142857142858,0.08333333333333334,0.017857142857142856,0.2,0.08666666666666667,0.1
0.1875,0.32499999999999996,0.1708333333333333,0.18333333333333335,0.13749999999999998,0.13636363636363635,0.028888888888888898,0.15,0.13,0.1875
0.3153846153846154,0.1,0.044444444444444474,0.09523809523809523,0.1,0.12500000000000003,0.2,0.08532738095238096,0.26666666666666666,0.13750000000000004
0.09427083333333333,0.25,0.03333333333333333,0.4,0.4,0.4333333333333333,0.0875,1.0,0.25,0.3333333333333333
0.5,0.2,0.125,0.1,0.36666666666666664,0.2,0.1,0.26666666666666666,0.2791666666666666,0.35
0.18015873015873016,0.375,0.25,0.06818181818181818,0.17222222222222222,0.225,0.6,0.375,0.10694444444444444,0.4333333333333333
0.2833333333333333,0.125,0.14166666666666666,0.3,0.08888888888888886,0.11666666666666672,0.4,0.1,0.3916666666666666,0.10909090909090909
0.5,0.061111111111111095,0.5,0.20000000000000004,0.1,0.2,0.27083333333333337,0.25625,0.16249999999999998,0.78
0.7,0.16666666666666666,0.4,0.4000000000000001,0.25,0.08333333333333333,0.6,0.1,0.13333333333333333,0.10833333333333334
0.3,0.4,0.05,0.7,0.037500000000000006,0.1,0.05000000000000001,0.15119047619047618,0.16666666666666666,0.5343434343434343
0.3525,0.39999999999999997,0.13169642857142858,0.16,0.6,0.2652777777777778,0.3,0.17500000000000002,0.6,0.6
0.3,0.15833333333333335,0.07452380952380953,0.026666666666666672,0.35,0.30238095238095236,0.2857142857142857,0.5,0.016666666666666673,0.3866666666666667
0.3478571428571428,0.4000000000000001,0.225,0.225,0.5,0.35,0.16,0.35714285714285715,0.275,0.125
0.1,0.21250000000000002,0.41875,0.06111111111111111,0.3,0.5,0.23333333333333336,0.14375,0.6,0.3333333333333333
0.5,0.6,0.0625,0.072,0.38,0.03333333333333333,0.4055555555555556,0.35,0.09999999999999999,0.21666666666666667
0.10833333333333331,0.025000000000000005,0.5,0.125,0.3,0.5666666666666668,0.2,0.024999999999999994,0.42500000000000004,0.2
0.5,0.35,0.11730158730158731,0.375,0.6,0.3111111111111111,0.12857142857142856,0.6,0.1,0.1
0.5,0.35,0.0051767676767676685,0.0625,0.3125,0.05,0.6,0.175,0.11388888888888889,0.028571428571428567
1.0,0.5,0.6,0.16666666666666666,0.7,0.3833333333333333,0.14166666666666666,0.125,0.27888888888888885,0.5
0.075,0.35714285714285715,0.1,0.4,0.046666666666666676,0.625,0.15833333333333335,0.425,0.018888888888888882,0.30000000000000004
0.5,0.1,0.25,0.35,0.15625,0.3,0.12,0.6,0.26666666666666666,0.6
0.06000000000000001,0.8,0.16666666666666666,0.5,0.3375,0.5,0.41632653061224495,0.3,0.3838383838383838,0.25
0.35,0.6,0.2,0.5,0.2,0.225,0.8,0.2,0.07083333333333335,0.8
0.08148148148148147,0.1328125,0.39999999999999997,0.3111111111111111,0.42285714285714276,0.35,0.08888888888888886,0.14791666666666667,0.2571428571428572,0.3
0.2,0.5666666666666668,0.00416666666666667,0.6,0.09999999999999998,0.11006076388888889,0.24843749999999998,0.029999999999999992,0.5392857142857143,0.35
0.31666666666666665,0.7,0.21428571428571427,0.033333333333333326,0.2981481481481481,0.1743827160493827,0.26666666666666666,0.5,0.7,0.2
0.022222222222222213,0.2375,0.132,0.25,0.6666666666666666,0.0875,0.15,0.058333333333333376,0.13636363636363635,0.5
0.58,0.095,0.4,0.16666666666666666,0.43333333333333335,0.24583333333333335,0.2333333333333333,0.15833333333333333,0.08555555555555554,0.3571428571428571
0.10208333333333335,0.16666666666666666,0.8,0.33999999999999997,0.6,0.1,0.2,0.3,0.2583333333333333,0.38
0.3181818181818182,0.4333333333333333,0.15864197530864196,0.05,0.03125,0.375,0.14557823129251704,0.1,0.19642857142857142,0.1
0.15000000000000002,0.11666666666666668,0.05625,0.16666666666666666,0.16666666666666666,0.1326530612244898,0.061904761904761914,0.04074074074074074,0.05,0.8
0.31666666666666665,0.4375,0.12819444444444444,0.2,0.6,0.13,0.15,0.16,0.35,0.6
0.0625,0.1,0.19999999999999998,0.19,0.5,0.08333333333333333,0.06666666666666667,0.1875,0.06666666666666667,0.4222222222222222
0.042857142857142844,0.19285714285714284,0.17402777777777778,0.3,0.35000000000000003,0.325,0.25,0.5,0.04999999999999999,0.6
0.7,0.1,0.13333333333333333,0.25,0.75,0.5,0.3666666666666667,0.15416666666666667,0.8,0.004166666666666666
0.003124999999999996,0.45,0.225,0.08,0.1,0.122,0.5,0.1,0.5,0.2
0.78,0.1,0.34375,0.5,0.018981481481481488,0.24500000000000002,0.05,0.19305555555555556,0.125,0.04722222222222221
0.1,0.175,0.8,0.15416666666666665,0.125,0.09,0.0062500000000000056,0.03368055555555555,0.19543650793650794,0.09444444444444444
0.3375,0.42500000000000004,0.5416666666666667,0.15000000000000002,0.050000000000000044,0.1708888888888889,0.22083333333333327,0.041666666666666664,0.00416666666666667,0.31666666666666665
0.12499999999999997,0.016666666666666646,0.35,0.03148148148148147,0.4166666666666667,0.3125,0.19999999999999998,0.35,0.57,0.14583333333333337
0.375,0.7,0.39999999999999997,0.15000000000000002,0.7,0.5,0.375,0.041666666666666664,0.2,0.19761904761904764
0.41250000000000003,0.4,0.1,0.4875,0.153125,0.25,0.4166666666666666,0.05,0.365,0.6
0.8,0.65,0.3,0.01607142857142857,0.35,0.05,0.25,0.029166666666666667,0.21111111111111114,0.6
0.85,0.033333333333333326,0.1,0.1,0.0625,0.43333333333333335,0.7,0.03148148148148147,0.1611111111111111,0.35
0.25,0.011111111111111108,0.25,0.15,0.5,0.16785714285714284,0.35,0.17500000000000002,0.1,0.024999999999999994
0.7,0.2,0.032407407407407406,0.2125,1.0,0.09846153846153846,0.1,0.5,0.3,0.5
0.3,0.2,0.13,0.8,0.065,0.25,0.1,0.25,0.125,0.3
0.140625,0.25,0.014814814814814808,0.4,0.04166666666666667,0.2,0.3,0.78,0.7,0.35
0.1325,0.32916666666666666,0.1,0.5,0.2,0.1,0.1625,0.2916666666666667,0.1,0.13999999999999999
0.25,0.2,0.5,0.4928571428571428,0.6,0.09166666666666667,0.3,0.1875,0.20833333333333334,0.095
0.19318181818181818,0.37666666666666665,0.165,0.17500000000000002,0.17857142857142858,0.4,0.24,0.0625,0.38,0.3333333333333333
0.0062500000000000056,0.25,0.09107142857142857,0.13657407407407407,0.005555555555555536,0.25,0.6,0.2,0.04545454545454545,0.10000000000000002
0.4503571428571428,0.375,0.024999999999999967,0.14250000000000002,1.0,0.0031250000000000028,0.2785714285714286,0.45,0.52,0.5
0.23750000000000002,0.10909090909090909,0.05194444444444444,0.04999999999999999,0.2,0.075,0.13749999999999998,0.425,0.315,0.8
0.5,0.25,0.15625,0.31666666666666665,0.2,0.05166666666666666,0.25,0.12416666666666668,0.4,0.475
0.33125,0.008333333333333323,0.045202020202020195,0.65,0.6,0.12000000000000002,0.25,0.023076923076923068,0.15,0.35
0.5,0.3666666666666667,0.1965625,0.21041666666666667,0.1,0.325,0.35,0.19999999999999998,0.30625,0.2333333333333333
0.8,0.5499999999999999,0.1,0.4666666666666666,0.39861111111111114,0.5,0.13636363636363635,0.1,0.3125,0.6
0.13333333333333333,0.00998809523809524,0.13636363636363635,0.128125,0.5,0.09999999999999999,0.5,0.13214285714285715,0.03333333333333333,0.3227272727272727
0.175,0.11145833333333333,0.25,0.20916666666666667,0.25,0.325,0.5,0.4,0.2625,0.1
0.16818181818181818,0.195,0.2672727272727273,0.6,0.3333333333333333,0.025625,0.4,0.125,0.4166666666666667,0.03429653679653678
0.12222222222222222,0.3,0.12094356261022926,0.6499999999999999,0.18333333333333335,0.8,0.58,0.21428571428571427,0.9,0.26666666666666666
1.0,0.6,0.13636363636363635,0.35,0.375,0.25,0.13522727272727272,0.228125,0.2825,0.27666666666666667
0.3625,0.5,0.2225,0.25,0.09375,0.4,0.27499999999999997,0.0625,0.1,0.3
0.49,0.5,0.278125,0.03125,0.10416666666666667,0.5499999999999999,0.8,0.175,0.075,0.25
0.04166666666666667,0.20625,0.3,0.125,0.1,0.11666666666666668,0.03333333333333334,0.8,0.7,0.13636363636363635
0.13333333333333333,0.7,0.2,0.04732142857142857,0.7,0.05,0.2,0.2857142857142857,0.16666666666666666,0.2375
0.175,0.33999999999999997,0.375,0.06818181818181818,0.4333333333333333,0.25,0.06285714285714285,1.0,0.325,0.7
0.45999999999999996,0.5,0.3111111111111111,0.15,1.0,0.41611111111111104,0.34444444444444444,0.5,0.15999999999999998,0.30000000000000004
0.3666666666666667,0.07916666666666665,0.16666666666666666,0.20625,0.05,0.3333333333333333,0.5,0.3,0.37083333333333335,0.2857142857142857
0.21666666666666667,0.05000000000000002,0.55,0.2333333333333333,0.7,0.375,0.22222222222222224,0.18666666666666668,0.175,0.5
0.47857142857142854,0.2604166666666667,0.5571428571428572,0.2857142857142857,0.5333333333333333,0.125,0.1388888888888889,0.1125,0.875,0.3111111111111111
0.20625,0.85,0.5,0.18916666666666665,0.025,0.39466666666666667,0.21666666666666667,0.5,0.25,0.1
0.44999999999999996,0.29545454545454547,0.05555555555555556,1.0,0.1,0.140625,0.2,0.6,0.1,0.15
0.375,0.4333333333333333,0.15,0.26,0.16666666666666666,0.061111111111111116,0.022222222222222213,0.033333333333333326,0.056249999999999994,0.4533333333333333
0.3,0.75,0.04814814814814814,0.3,0.0642361111111111,0.3125,0.6,0.10208333333333335,0.625,0.65
0.13636363636363635,0.15000000000000002,0.675,0.2,0.03125,0.6,0.2375,0.65,0.05,0.043229166666666666
0.22023809523809523,0.02000000000000001,0.25,0.07499999999999998,0.6,0.1,0.20625,0.3333333333333333,0.35555555555555557,0.375
0.09999999999999999,0.38,0.2347222222222222,0.5,0.7166666666666667,0.30000000000000004,0.13,0.35,0.04999999999999999,0.16122448979591836
0.25,0.4681818181818182,0.5,0.3416666666666667,0.38878787878787885,0.5,0.5,0.35,0.55,0.0590909090909091
0.26666666666666666,0.1,0.2,0.25,0.4,0.35,0.265,0.22666666666666666,0.15,0.5
0.1,0.8,0.25,0.6,0.3,0.41666666666666663,0.3888888888888889,0.13636363636363635,0.10000000000000002,0.475
0.029375000000000012,0.25625,0.15416666666666667,0.26666666666666666,0.21666666666666667,0.15416666666666667,0.5,0.6,0.13333333333333333,0.10000000000000002
0.1,0.6,0.25,0.2857142857142857,0.25000000000000006,0.0722222222222222,0.36388888888888893,0.1,0.3333333333333333,0.19722222222222224
0.33333333333333337,0.05785714285714285,0.15416666666666667,0.19999999999999998,0.20000000000000004,0.125,0.1875,0.4,0.6666666666666667,0.3
0.275,0.25,0.8,0.25,0.65,0.3333333333333333,0.3,0.06428571428571428,0.043333333333333335,0.16581632653061223
0.16666666666666669,0.05,0.25,0.05,0.2,0.35,0.13,0.2,0.3,0.19166666666666668
0.2,0.28750000000000003,0.3,0.24375000000000002,0.8049999999999999,0.1,0.1340909090909091,0.2222222222222222,0.2583333333333333,0.012121212121212116
0.3444444444444444,0.0125,0.1392857142857143,0.19374999999999998,0.25625,0.06458333333333333,0.1,0.25,0.3,0.13888888888888884
0.43333333333333335,0.26607142857142857,0.1642857142857143,0.6,0.25,0.03333333333333334,0.03333333333333335,0.3333333333333333,0.08432539682539683,0.5
0.39999999999999997,0.1,0.10833333333333334,0.20000000000000004,0.35,0.15,0.4,0.19318181818181818,0.1,0.425
0.24841269841269847,0.6,0.10562770562770561,0.17604166666666665,0.05000000000000001,0.23333333333333336,0.2,0.16666666666666666,0.8,0.1958333333333333
