ff_sample,fm_sample,mf_sample,mm_sample,ff_comparative_sample,mf_comparative_sample,fm_comparative_sample,mm_comparative_sample,f_gender_sample,m_gender_sample
-0.19999999999999998,-0.041666666666666664,-0.1875,-0.25,-0.1875,-0.9,-1.0,-0.06666666666666667,-0.125,-0.02777777777777779
-0.21875,-0.1329166666666667,-0.5174999999999998,-0.4,-0.018518518518518528,-0.028819444444444446,-0.041666666666666664,-0.21666666666666667,-0.4,-0.1
-0.19583333333333333,-0.3125,-0.12187500000000001,-0.4,-0.04652777777777778,-0.175,-0.5,-0.25,-0.1875,-0.10000000000000003
-1.0,-0.020833333333333325,-0.09583333333333333,-0.2,-0.0125,-0.25,-0.475,-0.024999999999999994,-0.040999999999999995,-0.30000000000000004
-0.234375,-0.09375,-0.3666666666666667,-0.09313186813186812,-0.025,-0.0625,-0.1,-0.14285714285714285,-0.1875,-0.4
-0.09583333333333334,-0.6,-0.125,-0.08333333333333333,-0.12638888888888888,-0.4,-0.22000000000000003,-0.075,-0.25625,-0.6875
-0.1921875,-0.5,-0.09999999999999999,-0.25,-0.25,-0.3,-0.15555555555555559,-0.13333333333333333,-0.55,-0.1
-0.084375,-0.05,-0.0625,-0.0106060606060606,-0.1,-0.4,-0.15555555555555559,-0.19583333333333333,-0.2,-0.13333333333333333
-0.19444444444444448,-0.021875000000000006,-0.20000000000000004,-0.13333333333333333,-0.1,-0.037499999999999985,-0.4774999999999999,-0.05555555555555555,-0.03181818181818183,-0.2
-0.125,-0.0888888888888889,-0.2,-0.2,-0.2,-0.09111111111111111,-0.14123015873015873,-0.25,-0.65,-0.01377551020408164
-0.1875,-0.025,-0.04999999999999999,-0.040000000000000015,-0.2,-0.0325,-0.09218749999999998,-0.15555555555555559,-0.0625,-0.6
-0.2722222222222222,-0.08333333333333333,-0.16666666666666666,-0.2,-0.3,-0.15,-0.10416666666666666,-0.4,-0.45,-0.8
-0.02500000000000001,-0.1875,-0.07692307692307693,-0.21875,-0.0325,-0.013888888888888902,-0.1875,-0.006249999999999999,-0.20625,-0.13333333333333333
-0.1,-0.25,-0.09999999999999992,-0.17499999999999996,-0.05,-0.1875,-0.375,-0.375,-0.1875,-0.16666666666666666
-0.15,-0.024999999999999998,-0.15625,-0.07013888888888889,-0.21666666666666665,-0.22916666666666666,-0.15714285714285714,-0.5,-0.20277777777777778,-0.13
-0.10708333333333334,-0.30000000000000004,-0.033333333333333326,-0.21875,-0.5,-0.2,-0.4,-0.018518518518518528,-0.3,-0.3333333333333333
-0.21851851851851853,-0.06388888888888888,-0.0425,-0.3,-0.25,-0.2,-0.1425925925925926,-0.30000000000000004,-0.16666666666666666,-0.14791666666666667
-0.4,-0.08,-0.05,-0.03888888888888889,-0.09999999999999999,-0.1875,-0.625,-0.3125,-0.0625,-0.018518518518518528
-0.09375,-0.3333333333333333,-0.09375,-0.1625,-0.6999999999999998,-0.07142857142857142,-0.2625,-0.05,-0.36999999999999994,-0.26666666666666666
-0.15555555555555559,-0.22916666666666669,-0.0975,-0.05611111111111111,-0.12125,-0.15555555555555559,-0.5,-0.01714285714285712,-0.3125,-0.15
-0.34375,-0.6,-0.30000000000000004,-0.125,-0.1875,-0.3499999999999999,-0.35555555555555557,-0.25,-0.29375,-0.3
-0.05,-0.1875,-0.3125,-0.05,-0.08333333333333333,-0.2791666666666667,-0.05,-0.039999999999999994,-0.2,-0.04
-0.8,-0.45,-0.09351851851851851,-0.025,-0.03472222222222222,-0.10916666666666668,-0.18333333333333335,-0.10439814814814817,-0.05833333333333334,-0.01845238095238096
-0.031111111111111135,-0.07777777777777779,-0.19583333333333333,-0.021212121212121206,-0.1,-0.0822420634920635,-0.325,-0.05,-0.2533333333333333,-0.07777777777777779
-0.0625,-0.15555555555555559,-0.012500000000000002,-0.04999999999999999,-0.1875,-0.13333333333333333,-0.4,-0.2916666666666667,-0.2,-0.05
-0.06666666666666661,-0.275,-0.078125,-0.22777777777777775,-0.09361111111111112,-0.3125,-0.037777777777777785,-0.6666666666666666,-0.15555555555555559,-0.05650793650793653
-0.05454545454545454,-0.5,-0.203125,-0.30000000000000004,-0.06666666666666667,-0.1,-0.012499999999999997,-0.25,-0.6,-0.6549999999999999
-0.30000000000000004,-0.046875,-0.325,-0.04999999999999999,-0.022222222222222216,-0.07319444444444442,-0.3499999999999999,-0.25,-0.14131944444444444,-0.075
-0.009999999999999986,-0.15000000000000002,-0.10000000000000002,-0.0062500000000000056,-0.08333333333333333,-0.1875,-0.3171875,-0.15000000000000002,-0.3333333333333333,-0.4
-0.325,-0.061111111111111116,-0.4,-0.15,-1.0,-0.1875,-0.275,-0.25,-0.1625,-0.025
-0.25,-0.03344322344322343,-0.09166666666666667,-0.15555555555555559,-0.30000000000000004,-0.4851851851851852,-0.022222222222222216,-0.09375,-0.1875,-0.4
-0.25,-0.09375,-0.03333333333333333,-0.1277777777777778,-0.2625,-0.16666666666666666,-0.041666666666666664,-0.07142857142857142,-0.08125,-0.10000000000000002
-0.1875,-0.04999999999999999,-0.17500000000000002,-0.0125,-0.34375,-0.09375,-0.4,-0.1875,-0.17361111111111108,-0.4
-0.29375,-0.1,-0.15625,-0.15555555555555559,-0.11749999999999998,-0.030000000000000006,-1.0,-0.2851851851851852,-0.17857142857142858,-0.05
-0.25,-0.19999999999999998,-0.19583333333333333,-0.5,-0.09999999999999999,-0.05000000000000002,-0.15555555555555559,-0.15000000000000002,-0.4,-0.5
-0.09375,-0.2,-0.0625,-0.205,-0.2,-0.05,-0.6,-0.2277777777777778,-0.109375,-0.6
-0.046875,-0.1125,-0.07500000000000001,-0.4,-0.65,-0.2,-0.06666666666666667,-0.09375,-0.2041666666666667,-0.2333333333333333
-0.05555555555555555,-0.1,-0.6666666666666666,-0.25,-0.5,-0.18333333333333335,-0.15,-0.10092592592592593,-0.05,-0.0625
-0.06666666666666667,-0.29583333333333334,-0.057499999999999996,-0.10714285714285714,-0.3277777777777778,-0.03819444444444446,-0.6999999999999998,-0.12638888888888888,-0.2,-0.0875
-0.24375000000000002,-0.0035714285714285665,-0.13333333333333333,-0.65,-0.4000000000000001,-0.125,-0.2,-0.027777777777777787,-0.03125,-0.075
-0.2,-0.3791666666666667,-0.6,-0.06666666666666668,-0.0625,-0.08038461538461539,-0.06875,-0.25,-0.08333333333333333,-0.5
-0.11,-0.1875,-0.12499999999999994,-0.03333333333333333,-0.355,-0.109375,-0.07291666666666666,-0.15555555555555559,-0.14325,-0.2
-0.07777777777777779,-0.14722222222222223,-0.005000000000000001,-0.07500000000000001,-0.4,-0.6666666666666666,-0.1875,-0.5,-0.125,-0.2
-0.6,-0.04222222222222222,-0.2916666666666667,-0.07777777777777779,-0.4,-0.029166666666666664,-0.041666666666666664,-0.0125,-1.0,-0.038461538461538464
-0.36458333333333337,-0.45,-0.1125,-0.15,-0.10833333333333334,-0.05,-0.19999999999999998,-0.12166666666666666,-0.07777777777777779,-0.5
-0.6,-0.018749999999999996,-0.005381944444444453,-0.25,-0.29375,-0.07857142857142857,-0.05952380952380953,-0.13214285714285715,-0.5,-0.05
-0.15555555555555559,-0.3,-0.09375,-0.2,-0.15555555555555559,-0.1875,-0.15555555555555559,-0.5,-0.18749999999999997,-0.4
-0.1,-0.15555555555555559,-0.07222222222222223,-0.033333333333333326,-0.21944444444444447,-0.15000000000000002,-0.08700284090909091,-0.4666666666666667,-0.27083333333333337,-0.2916666666666667
-0.175,-0.0625,-0.25,-0.20833333333333334,-0.19090909090909092,-0.075,-0.15,-0.11666666666666665,-0.15555555555555559,-0.19999999999999998
-0.14722222222222223,-0.12916666666666668,-0.21851851851851853,-0.0125,-0.1875,-0.3,-0.04375,-0.02777777777777779,-0.14444444444444446,-0.15833333333333333
-0.03333333333333335,-0.4,-0.1,-0.075,-0.04999999999999999,-0.25,-0.6,-0.21428571428571427,-0.15,-0.0851851851851852
-0.17152777777777778,-0.125,-0.125,-0.11623931623931626,-0.3277777777777778,-0.2,-0.024999999999999994,-0.32499999999999996,-0.25,-0.0062500000000000056
-0.033333333333333326,-0.1875,-0.1875,-0.125,-0.20833333333333331,-0.10222222222222221,-0.15555555555555559,-0.1,-0.1875,-0.3
-0.18333333333333335,-0.03125,-0.29583333333333334,-0.07500000000000001,-0.234375,-0.1,-0.20277777777777778,-0.22999999999999998,-0.009999999999999986,-0.01999999999999999
-0.09999999999999998,-0.1875,-0.15555555555555559,-0.6,-0.5,-0.05,-0.25,-0.07142857142857142,-0.2,-0.1
-0.07500000000000001,-0.18888888888888888,-0.1875,-0.2,-0.1,-0.2,-0.3791666666666667,-0.8,-0.09687500000000002,-0.16666666666666666
-0.3,-0.225,-0.05,-0.08333333333333333,-0.10000000000000002,-0.25,-0.08854166666666666,-0.08928571428571429,-0.2,-0.09999999999999992
-0.15555555555555559,-0.5,-0.15625,-0.04999999999999999,-0.10138888888888889,-0.09999999999999999,-0.11000000000000001,-0.11500000000000002,-0.4,-0.125
-0.06666666666666665,-0.10714285714285714,-0.575,-0.3333333333333333,-1.0,-0.09428571428571428,-0.13333333333333333,-0.12083333333333335,-0.010714285714285707,-0.1875
-0.1,-0.06388888888888888,-0.24375000000000002,-0.1,-0.038461538461538464,-0.004166666666666659,-0.3,-0.5,-0.22685185185185186,-0.09375
-0.05416666666666667,-0.008333333333333331,-0.5,-0.28125,-0.1875,-0.1388888888888889,-0.025925925925925918,-0.11435185185185186,-0.3125,-0.55
-0.65,-0.0625,-0.16666666666666666,-0.9,-0.051851851851851864,-0.125,-0.11805555555555554,-0.1875,-0.1,-0.16666666666666666
-0.3143518518518518,-0.5,-0.027579365079365075,-0.05,-0.25,-0.1875,-0.05000000000000001,-0.3125,-0.2740740740740741,-0.7
-0.1375,-0.09375,-0.15555555555555559,-0.05,-0.04999999999999999,-0.04375,-0.2,-0.054761904761904755,-0.15555555555555559,-0.2
-0.075,-0.15,-0.046875,-0.30000000000000004,-0.15555555555555559,-1.0,-0.012499999999999997,-0.15555555555555559,-0.13333333333333333,-0.22499999999999998
-0.22916666666666666,-0.1038888888888889,-0.4,-0.2,-0.09375,-0.25,-0.02037037037037039,-0.05,-0.1875,-0.2
-0.08648351648351649,-0.09999999999999999,-0.1027777777777778,-0.07777777777777779,-0.2333333333333333,-0.05,-0.2,-0.2833333333333333,-0.2,-0.14583333333333334
-0.2625,-0.15555555555555559,-0.125,-0.3,-0.1875,-0.30000000000000004,-0.10000000000000002,-0.08333333333333333,-0.5,-0.07499999999999996
-0.2125,-0.024999999999999994,-0.0625,-0.26666666666666666,-0.3,-0.04999999999999999,-0.035096153846153846,-1.0,-0.5,-0.05
-0.2,-0.025,-0.01979166666666668,-0.04166666666666667,-0.09375,-0.10714285714285715,-0.021212121212121196,-0.1875,-0.5,-0.13333333333333333
-0.25,-0.025,-0.15,-0.03888888888888889,-0.15000000000000002,-0.6,-0.6999999999999998,-0.3333333333333333,-1.0,-0.15555555555555559
-0.15555555555555559,-0.1375,-0.125,-0.027777777777777773,-0.15000000000000002,-0.11000000000000001,-0.05,-0.14111111111111113,-0.15000000000000002,-0.25
-0.11458333333333333,-0.2777777777777778,-0.5,-0.4,-0.12083333333333333,-0.12825396825396826,-0.02777777777777779,-0.10178571428571428,-0.071875,-0.1277777777777778
-0.5,-0.12083333333333335,-0.225,-0.1125,-0.3125,-0.15555555555555559,-1.0,-0.025,-0.029166666666666664,-0.05
-0.21428571428571427,-0.15555555555555559,-0.5,-0.42499999999999993,-0.04999999999999999,-0.3458333333333333,-0.45,-0.033333333333333354,-0.125,-0.023809523809523808
-0.21,-0.29375,-0.25,-0.1,-0.0625,-0.16666666666666666,-0.025,-0.15185185185185188,-0.1875,-0.05555555555555555
-0.09375,-0.1775,-0.7,-0.05925925925925926,-0.6,-0.1875,-0.325,-0.16964285714285715,-0.1,-0.25
-0.03125,-0.11666666666666665,-0.05,-0.6,-0.15,-0.025,-0.2,-0.07777777777777779,-0.11666666666666668,-0.4
-0.26,-0.08333333333333333,-0.033333333333333326,-0.05,-0.00625,-0.03333333333333336,-0.04583333333333334,-0.3833333333333333,-0.1,-0.041666666666666664
-0.025000000000000022,-0.07500000000000001,-0.05,-0.125,-0.00833333333333334,-0.4,-0.2,-0.25,-0.11249999999999999,-0.2
-0.06999999999999999,-0.049999999999999996,-0.11000000000000001,-0.125,-0.14151785714285714,-0.04375,-0.1875,-0.10238095238095239,-0.075,-0.6
-0.6999999999999998,-0.05,-0.05000000000000001,-0.30000000000000004,-0.36666666666666664,-0.1171875,-0.007142857142857131,-0.05,-0.04375,-0.1875
-0.05,-0.16666666666666666,-0.028273809523809548,-0.17,-0.3,-0.22544642857142855,-0.15625,-0.05625,-0.6,-0.2
-0.3125,-0.04761904761904761,-0.02777777777777779,-0.1,-0.29375,-0.2,-0.025,-0.05000000000000001,-0.14151785714285714,-1.0
-0.13333333333333333,-0.05,-0.18035714285714283,-0.09722222222222222,-0.2,-0.1,-0.125,-0.05,-0.01309523809523809,-0.3125
-0.35555555555555557,-0.05306122448979592,-0.4,-0.1,-0.2,-0.325,-0.125,-0.1875,-0.16666666666666666,-0.06666666666666667
-0.1,-0.3791666666666667,-0.37222222222222223,-0.4833333333333333,-0.04999999999999999,-0.15,-0.15999999999999998,-0.09999999999999999,-0.25,-0.018333333333333326
-0.1875,-0.125,-0.285,-0.25,-0.04928571428571429,-0.08518518518518521,-0.35000000000000003,-0.2652777777777778,-0.055555555555555546,-0.2
-0.15000000000000002,-0.15,-0.1,-0.017142857142857147,-0.1,-0.175,-0.7999999999999999,-0.4,-0.2,-0.30000000000000004
-0.03518518518518519,-0.033333333333333326,-0.4,-0.275,-0.13174603174603175,-0.26851851851851855,-1.0,-0.2,-0.5,-0.2
-0.1875,-0.2,-0.234375,-0.1875,-0.5000000000000001,-0.3,-0.07500000000000001,-0.0451923076923077,-0.35,-0.125
-0.15555555555555559,-0.35625,-0.155,-0.19999999999999998,-0.25,-0.16875,-0.3428571428571428,-0.16666666666666666,-0.10833333333333334,-0.1
-0.0625,-0.15555555555555559,-0.125,-0.1,-0.11851851851851854,-0.25,-0.25,-0.1875,-0.1875,-0.05
-0.4000000000000001,-0.09166666666666667,-0.0975,-0.11875,-0.06666666666666665,-0.21,-0.22500000000000003,-0.13125,-0.15,-0.24999999999999997
-0.075,-0.625,-0.25,-0.3,-0.1,-0.25,-0.05555555555555555,-0.2777777777777778,-0.125,-0.25
-0.13999999999999999,-0.08888888888888889,-0.3,-0.125,-0.5,-0.25,-0.6666666666666666,-0.275,-0.05249999999999999,-0.07777777777777779
-0.1171875,-0.21428571428571427,-0.29999999999999993,-0.25,-0.15833333333333333,-0.1875,-0.1875,-0.09444444444444444,-0.10916666666666668,-0.25
-0.08333333333333333,-0.1875,-0.6,-0.1875,-0.35,-0.2,-0.4,-0.036111111111111115,-0.07847222222222221,-0.2947916666666667
-0.30624999999999997,-0.2,-0.09999999999999999,-0.08055555555555557,-0.4,-0.15,-0.50625,-0.025000000000000022,-0.25,-0.125
-0.09999999999999999,-0.1388888888888889,-0.2,-0.1,-0.15000000000000002,-0.3,-0.125,-0.55,-0.035763888888888894,-0.04652777777777778
-0.09999999999999999,-0.025,-0.09999999999999999,-0.28994708994709,-0.1875,-0.0875,-0.5,-0.26666666666666666,-0.16666666666666666,-0.1
-0.15000000000000002,-0.22999999999999998,-0.20833333333333331,-0.4,-0.2861111111111111,-0.05,-0.0728846153846154,-0.19,-0.0625,-0.051875
-0.3,-0.125,-0.1875,-0.2,-0.1875,-0.325,-0.14375,-0.1,-0.15555555555555559,-0.17708333333333331
-0.125,-0.07500000000000001,-1.0,-0.027500000000000004,-0.12142857142857143,-0.4,-0.4,-0.046875,-0.1875,-0.15
-0.11249999999999999,-0.015111111111111098,-0.2388888888888889,-0.14583333333333334,-0.0625,-0.2,-0.07777777777777779,-0.41666666666666663,-0.21388888888888888,-0.16666666666666666
-0.10133333333333332,-0.4,-0.025,-0.0246031746031746,-0.075,-0.10833333333333335,-0.19111111111111112,-0.08083333333333334,-0.16666666666666666,-0.08333333333333333
-0.39000000000000007,-0.2,-0.15,-0.23750000000000002,-0.05,-0.4191964285714286,-0.1388888888888889,-1.0,-0.018750000000000017,-0.3277777777777778
-0.04999999999999993,-0.2,-0.4,-0.15555555555555559,-0.1875,-0.1625,-0.25,-0.04999999999999999,-0.19123376623376626,-0.05
-0.4,-0.1,-0.15555555555555559,-0.7,-0.2,-0.09375,-0.22916666666666666,-0.04999999999999999,-0.29305555555555557,-0.6
-0.25,-0.34375,-0.0925,-0.10476190476190476,-0.05,-0.6,-0.20089285714285715,-0.3111111111111111,-0.43333333333333335,-0.16666666666666666
-0.11666666666666667,-0.15,-0.4,-0.6833333333333332,-0.05291666666666667,-0.1375,-0.0851851851851852,-0.1875,-0.5,-0.04166666666666665
-0.2,-0.1,-0.125,-0.12857142857142856,-0.0775,-0.1027777777777778,-0.125,-0.5,-0.178125,-0.15555555555555559
-0.1875,-0.121875,-0.013000000000000001,-0.07500000000000001,-0.05104166666666667,-0.25,-0.25,-0.14583333333333334,-0.029166666666666674,-0.16666666666666666
-0.0975,-0.4,-0.05,-0.05083333333333334,-0.321875,-0.22685185185185186,-0.4,-0.16666666666666666,-0.1875,-0.1875
-0.033333333333333326,-0.39999999999999997,-0.018750000000000003,-0.375,-0.15,-0.11875,-0.18000000000000002,-0.006249999999999999,-0.15000000000000002,-0.2
-0.3351851851851852,-0.5,-0.08750000000000002,-0.15,-0.25,-0.3,-0.10000000000000002,-0.012499999999999997,-0.10708333333333334,-0.25
-0.18333333333333335,-0.5,-0.11666666666666665,-0.2,-0.15,-0.3,-0.15000000000000002,-0.2,-0.125,-0.10083333333333333
-0.6,-0.4,-0.1875,-0.3,-0.5,-0.09722222222222222,-0.2111111111111111,-0.15555555555555559,-0.6666666666666666,-0.5
-0.125,-0.036458333333333336,-0.2,-0.2,-0.475,-0.06666666666666667,-0.40625,-0.005208333333333336,-0.2,-0.0025000000000000022
-0.125,-0.5,-0.05,-0.2277777777777778,-0.3125,-0.3,-0.2339285714285714,-0.026388888888888892,-0.04375,-0.09999999999999999
-0.07777777777777779,-0.4,-0.030833333333333334,-0.65,-0.21666666666666665,-0.1685185185185185,-0.05,-0.09375,-0.004629629629629619,-0.65
-0.04375,-0.3,-0.06666666666666667,-0.5,-0.075,-0.2,-0.025,-0.2,-0.6999999999999998,-0.14111111111111113
-0.13,-0.1875,-0.125,-0.15555555555555559,-0.30333333333333334,-0.19444444444444448,-0.051388888888888894,-0.2,-0.0625,-0.25
-0.09999999999999998,-0.21428571428571427,-0.018518518518518528,-0.1875,-0.14583333333333334,-0.3,-0.15000000000000002,-0.09313186813186812,-0.3791666666666667,-0.44999999999999996
-0.1,-0.1875,-0.2,-0.15000000000000002,-0.5571428571428572,-0.4,-0.0673611111111111,-0.0625,-0.283125,-0.4
-0.06666666666666667,-0.1875,-0.12499999999999997,-0.17388888888888893,-0.225,-0.625,-0.7,-0.2,-0.15,-0.15
-0.06699999999999995,-0.24791666666666667,-0.16666666666666666,-0.15555555555555559,-0.06666666666666668,-0.02285714285714287,-0.15000000000000002,-0.0625,-0.26,-0.0625
-0.24375000000000002,-0.1,-0.21666666666666667,-0.6,-0.14583333333333334,-0.5,-0.1625,-0.25,-0.15083333333333332,-0.075
-0.09375,-0.041666666666666664,-0.25,-0.03333333333333336,-0.3125,-0.1,-0.16666666666666666,-0.2,-0.15000000000000002,-0.2
-0.00925925925925926,-0.20833333333333334,-1.0,-0.25,-0.4,-0.2,-0.0875,-0.025,-0.125,-0.625
-0.0975,-0.10000000000000002,-0.4,-0.25,-0.029166666666666664,-0.2625,-0.09513888888888888,-0.2,-0.1,-0.016666666666666666
-0.39999999999999997,-0.022727272727272728,-0.5,-0.04583333333333334,-0.16666666666666666,-0.1875,-0.16666666666666666,-0.25,-0.12185185185185186,-0.1369047619047619
-0.2,-0.21458333333333335,-0.1,-0.08333333333333333,-0.25,-0.05,-0.15000000000000002,-0.15555555555555559,-0.6,-0.06354166666666666
-0.1875,-0.05714285714285716,-0.4,-1.0,-0.3791666666666667,-0.6,-0.25,-0.17152777777777778,-0.05,-0.16666666666666666
-0.1875,-0.08663194444444444,-0.225,-0.35,-0.25,-0.25,-0.65,-0.125,-0.05185185185185182,-0.30000000000000004
-0.1875,-0.6,-0.1875,-0.0451923076923077,-0.2,-0.2,-0.25,-0.020833333333333332,-0.125,-0.02777777777777779
-0.05,-0.025,-0.15555555555555559,-0.26666666666666666,-0.025,-0.0763888888888889,-0.04791666666666667,-0.175,-0.0811111111111111,-0.05
-0.125,-0.15555555555555559,-0.13333333333333333,-0.15555555555555559,-0.15555555555555559,-0.07999999999999999,-0.05,-0.09999999999999999,-0.11851851851851854,-0.1777777777777778
-0.07777777777777779,-0.3791666666666667,-0.09375,-0.03541666666666667,-0.05,-0.4,-0.16666666666666666,-0.3125,-0.25,-0.1875
-0.2,-0.10555555555555556,-0.0625,-0.20750000000000002,-0.08472222222222221,-0.5,-0.09375,-0.025,-0.3,-0.1875
-0.1875,-0.03750000000000001,-0.037499999999999985,-0.4,-0.15625,-0.08333333333333333,-0.012499999999999997,-0.2638888888888889,-0.08333333333333333,-0.3166666666666667
-0.03125,-0.015509259259259256,-0.8,-0.2,-0.25,-0.2488888888888889,-0.2958333333333333,-0.02291666666666666,-0.1875,-0.3
-0.39375,-0.09166666666666667,-0.1875,-0.29999999999999993,-0.2,-0.2,-0.2066666666666667,-0.2916666666666667,-0.1875,-0.16666666666666666
-0.25,-0.25,-0.2,-0.125,-0.04166666666666667,-0.15,-0.19444444444444448,-0.075,-0.2,-0.125
-0.5,-0.65,-0.038461538461538464,-0.9099999999999999,-0.5,-0.25,-0.05,-0.16666666666666666,-0.175,-0.16249999999999998
-0.30714285714285716,-0.05,-0.5,-0.18214285714285713,-0.15000000000000002,-0.15,-0.2,-0.25,-0.15,-0.5
-0.1875,-0.4,-0.13333333333333333,-0.15555555555555559,-0.1875,-0.27422839506172836,-0.1875,-0.10050505050505051,-0.2916666666666667,-0.05
-0.14166666666666666,-0.06979166666666668,-0.11875,-0.6,-1.0,-0.21666666666666667,-0.05000000000000002,-0.16666666666666666,-0.10000000000000002,-0.1875
-0.16666666666666666,-1.0,-0.0625,-0.03333333333333333,-0.1875,-0.15185185185185188,-0.033333333333333326,-0.22916666666666666,-0.22433035714285715,-0.175
-0.008333333333333325,-0.10833333333333334,-0.25,-0.07777777777777779,-0.021875000000000006,-0.2,-0.15555555555555559,-0.065,-0.25,-0.5
-0.2,-0.04583333333333334,-0.11666666666666668,-0.15,-0.03125,-0.16666666666666666,-0.08750000000000001,-0.8,-0.08333333333333333,-0.7000000000000001
-0.65,-0.10416666666666666,-0.3958333333333333,-0.025,-0.25,-0.75,-0.24999999999999992,-0.15555555555555559,-0.16666666666666666,-0.37777777777777777
-0.15000000000000002,-0.7999999999999999,-0.21,-0.25,-0.6,-0.234375,-0.5,-0.03541666666666667,-0.1875,-0.1875
-0.38749999999999996,-0.0062500000000000056,-0.15,-0.059375,-0.2,-0.47500000000000003,-0.008333333333333331,-0.14666666666666667,-0.1875,-0.0625
-0.2,-0.4,-0.4,-0.004999999999999999,-0.24375000000000002,-0.011747685185185194,-0.037499999999999964,-0.85,-0.12121212121212122,-0.45
-0.55,-0.125,-0.065,-0.375,-0.04375,-0.05,-0.05,-0.25,-0.1875,-0.06666666666666667
-0.5,-0.15,-0.321875,-0.16666666666666666,-0.1875,-0.20625,-0.16,-0.03604797979797981,-0.25,-0.021875000000000006
-0.0063888888888889,-0.15,-0.21666666666666667,-0.075,-0.15,-0.09999999999999998,-0.15000000000000002,-0.8749999999999998,-0.1875,-0.14583333333333334
-0.15555555555555559,-0.1,-0.26,-0.00802469135802469,-0.25,-0.05,-0.017857142857142863,-0.025,-0.08333333333333336,-0.26666666666666666
-0.75,-0.05555555555555556,-0.0005952380952380931,-0.4,-0.125,-0.125,-0.2833333333333333,-0.16499999999999998,-0.25,-0.15555555555555559
-0.05,-0.10833333333333334,-0.1596825396825397,-0.21333333333333335,-0.1875,-0.1875,-0.2,-0.20347222222222225,-0.1,-0.16666666666666666
-0.45,-1.0,-1.0,-0.15555555555555559,-0.046875,-0.05,-0.06666666666666668,-0.022222222222222216,-0.1,-0.10714285714285714
-0.05,-0.016666666666666663,-0.20833333333333331,-0.125,-0.2916666666666667,-0.28333333333333327,-1.0,-0.049999999999999996,-0.10833333333333334,-0.1
-0.09791666666666668,-0.11249999999999999,-0.11111111111111109,-0.125,-0.125,-0.18333333333333335,-0.05,-0.3666666666666667,-0.16111111111111112,-0.4
-0.0625,-0.12,-0.6,-0.5,-0.1,-0.024999999999999994,-0.35000000000000003,-0.4291666666666667,-0.15555555555555559,-0.23333333333333336
-0.1875,-0.6999999999999998,-0.2,-0.13333333333333333,-0.6,-0.1,-0.04791666666666667,-0.5,-0.19444444444444448,-0.2263888888888889
-0.125,-0.2916666666666667,-0.3033333333333333,-0.014526098901098905,-0.051388888888888894,-0.1,-0.013194444444444434,-0.5,-0.21388888888888888,-0.25
-0.355,-0.015277777777777772,-0.09375,-0.03888888888888887,-0.15000000000000002,-0.6458333333333334,-0.3384615384615385,-0.19166666666666668,-0.25,-0.05
-0.30000000000000004,-0.4,-0.22444444444444445,-0.16666666666666666,-0.00833333333333334,-0.013000000000000001,-0.13,-0.475,-0.21666666666666667,-0.06666666666666665
-0.030555555555555558,-0.1875,-0.35,-0.1,-0.14285714285714285,-0.024999999999999994,-0.4,-0.5,-0.05,-0.05
-0.20000000000000004,-0.3791666666666667,-0.15555555555555559,-0.0375,-0.3,-0.029166666666666674,-0.027083333333333334,-0.0625,-0.07500000000000001,-0.3
-0.2,-0.125,-0.175,-0.05,-0.1625,-0.53125,-0.0625,-0.11874999999999998,-0.21145833333333333,-0.5
-0.03333333333333333,-0.21428571428571427,-0.30000000000000004,-0.1,-0.225,-0.4,-0.3,-0.3434343434343434,-0.3,-0.9099999999999998
-0.5,-0.2333333333333333,-0.06666666666666667,-0.1,-0.1875,-0.1171875,-0.875,-0.03333333333333335,-0.05,-0.5
-0.2,-0.07500000000000001,-0.10989583333333333,-0.25,-0.27499999999999997,-0.1875,-0.1,-0.2333333333333333,-0.11111111111111112,-0.3321428571428572
-0.23076923076923073,-0.09821428571428568,-0.0068181818181818205,-0.05,-0.3083333333333333,-0.1,-0.15,-0.3333333333333333,-0.09,-0.125
-0.0625,-0.4,-0.26666666666666666,-0.275,-0.25,-0.15714285714285714,-0.1875,-0.3,-0.08888888888888889,-0.16249999999999998
-0.08333333333333333,-1.0,-0.27,-0.13333333333333333,-0.4,-0.23750000000000002,-0.403125,-0.03333333333333335,-0.05,-0.09999999999999999
-0.225,-0.65,-0.02500000000000001,-0.11041666666666668,-0.35,-0.37500000000000006,-0.0625,-0.1375,-0.4760416666666667,-0.25
-0.03333333333333333,-0.1125,-0.35,-0.2,-0.1875,-0.5,-0.08482142857142858,-0.04444444444444445,-0.1777777777777778,-0.07142857142857142
-0.0006944444444444466,-0.7142857142857143,-0.625,-0.05,-0.5,-0.09375,-0.275,-0.07142857142857142,-0.3333333333333333,-0.34375
-0.10833333333333334,-0.17500000000000002,-0.19583333333333333,-1.0,-0.05000000000000001,-0.028124999999999997,-0.30000000000000004,-0.15555555555555559,-0.08095238095238097,-0.2638888888888889
-0.19496527777777778,-0.29583333333333334,-0.39,-0.025,-0.2833333333333333,-0.25,-0.1875,-0.05,-0.2,-0.022916666666666655
-0.3,-0.2,-0.1,-0.05,-0.5,-0.325,-0.17708333333333334,-0.049999999999999996,-0.3057870370370371,-0.05611111111111111
-0.06666666666666665,-0.41500000000000004,-0.16666666666666666,-0.031172839506172872,-0.6,-0.1875,-0.05,-0.26666666666666666,-0.1875,-0.1875
-0.125,-0.5,-0.1011904761904762,-0.15555555555555559,-0.16666666666666666,-0.14375,-0.14375,-0.1875,-0.029166666666666664,-0.3
-0.2,-0.08020833333333334,-0.04517857142857142,-0.13333333333333333,-0.5,-0.04123931623931623,-0.04375000000000001,-0.008035714285714285,-0.012500000000000011,-0.30000000000000004
-0.13657407407407407,-0.14285714285714285,-0.5,-0.2,-0.25,-0.05000000000000001,-0.16462962962962963,-0.1625,-0.07777777777777779,-0.2375
-0.090625,-0.55,-0.051851851851851864,-0.1277777777777778,-0.25,-0.04761904761904762,-0.13333333333333333,-0.3277777777777778,-0.051851851851851864,-0.008333333333333331
-0.1875,-0.6,-0.125,-0.05,-0.5,-0.2916666666666667,-0.07500000000000001,-0.09999999999999999,-0.2916666666666667,-0.1
-0.5,-0.5833333333333334,-0.6124999999999998,-0.05619047619047618,-0.10370370370370373,-0.25,-0.013095238095238104,-0.13333333333333333,-0.0625,-0.9
-0.14583333333333334,-0.05,-0.1875,-0.3,-0.25,-0.09375,-0.6,-0.05000000000000001,-0.2,-0.05
-0.4,-0.2,-0.075,-0.033333333333333326,-0.5,-0.2916666666666667,-0.15,-0.7,-0.25555555555555554,-0.22499999999999998
-0.045,-0.15555555555555559,-0.05,-0.3422619047619048,-0.7999999999999999,-0.125,-0.5,-0.08333333333333333,-0.025,-0.19166666666666665
-0.4374999999999999,-0.75,-0.15,-0.5,-0.625,-0.125,-0.1875,-0.09375,-0.09375,-0.025
-0.018518518518518528,-0.06590909090909092,-0.2,-0.14027777777777775,-0.5,-0.3,-0.12916666666666668,-0.11851851851851854,-0.017045454545454548,-0.30000000000000004
-0.6,-0.07,-0.05,-0.11944444444444446,-0.2,-0.033333333333333326,-0.033333333333333326,-0.07222222222222222,-0.06666666666666668,-0.02037037037037039
-0.5,-0.03333333333333333,-0.13333333333333333,-0.25,-0.3125,-0.07500000000000001,-1.0,-0.14444444444444446,-0.32999999999999996,-0.08888888888888886
-0.05555555555555555,-0.12,-0.4,-0.1375,-0.1875,-0.0625,-0.234375,-0.3,-0.075,-0.25
-0.7142857142857143,-0.030555555555555558,-0.015079365079365074,-0.05,-0.28125,-0.041666666666666664,-0.15555555555555559,-0.16666666666666666,-0.15000000000000002,-0.0375
-0.27083333333333337,-0.08,-0.1,-0.19999999999999998,-0.21851851851851853,-0.15555555555555559,-0.5,-0.4,-0.16666666666666666,-0.016666666666666663
-0.0625,-0.03125,-0.041666666666666664,-0.10999999999999999,-0.18333333333333335,-0.3575,-0.125,-0.3142857142857142,-0.3333333333333333,-0.12222222222222223
-0.14285714285714285,-0.7142857142857143,-0.09,-0.043287037037037034,-0.40249999999999997,-0.4,-0.25,-0.175,-0.19999999999999998,-0.2
-0.5,-0.1,-0.10185185185185186,-0.0361111111111111,-0.2,-0.625,-0.21428571428571427,-0.75,-0.3,-0.1
-0.022222222222222216,-0.1,-0.2,-0.03888888888888889,-0.049999999999999996,-0.3,-0.18666666666666668,-0.1,-0.36000000000000004,-0.15555555555555556
-0.2,-0.08333333333333333,-0.625,-0.06666666666666667,-0.10000000000000002,-0.04791666666666666,-0.2375,-0.5,-0.1875,-0.22857142857142854
-0.2916666666666667,-0.05,-0.125,-0.11428571428571427,-0.03333333333333333,-0.05,-0.1875,-0.19999999999999998,-0.025,-0.125
-0.1875,-0.07777777777777779,-0.2777777777777778,-0.5,-0.2,-0.16666666666666666,-0.4,-0.04583333333333334,-0.19999999999999998,-0.22222222222222224
-0.225,-0.5999999999999999,-0.15555555555555559,-0.11851851851851854,-0.2,-0.2,-0.07604166666666667,-0.037500000000000006,-0.6375,-0.25
-0.017968750000000006,-0.0679945054945055,-0.09583333333333333,-0.1333333333333333,-0.24375000000000002,-0.15,-0.1513888888888889,-0.4,-0.20000000000000004,-0.08333333333333333
-0.09583333333333334,-0.22222222222222224,-0.2,-0.17499999999999996,-0.1875,-0.25,-0.30000000000000004,-0.1666666666666666,-0.20000000000000004,-0.03666666666666668
-0.1875,-0.09351851851851851,-0.0625,-0.075,-0.05,-0.16666666666666666,-0.2916666666666667,-0.25,-0.012500000000000011,-0.009375000000000008
-0.31666666666666665,-0.06145833333333334,-0.05,-0.02777777777777779,-0.19583333333333333,-0.49583333333333324,-0.1875,-0.221875,-0.46499999999999997,-0.25
-0.1,-0.2,-0.07777777777777779,-0.012499999999999997,-0.012499999999999983,-0.19333333333333333,-0.17500000000000002,-0.05,-0.0023809523809523803,-0.1666666666666666
-0.4,-0.185,-0.1,-0.30000000000000004,-0.18333333333333335,-0.6124999999999998,-0.10714285714285715,-0.4,-0.2,-0.1
-0.6666666666666666,-0.15555555555555559,-0.14607142857142857,-0.15,-0.05,-0.02777777777777779,-0.08125000000000002,-0.0125,-0.3843749999999999,-0.21428571428571427
-0.1,-0.0625,-0.20833333333333331,-0.05555555555555556,-0.075,-0.625,-0.08333333333333333,-0.27499999999999997,-0.1,-0.2888888888888889
-0.2,-0.06904761904761904,-0.16666666666666666,-0.1653846153846154,-0.4000000000000001,-0.05,-0.19111111111111112,-0.75,-0.2,-0.07777777777777779
-0.2571428571428571,-0.4,-0.19375,-0.17749999999999988,-0.5625,-0.02121212121212122,-0.25,-0.1,-0.1875,-0.2
-0.25,-0.13333333333333333,-0.028124999999999997,-0.14444444444444446,-0.049999999999999996,-0.09375,-0.2,-0.25,-0.16666666666666666,-0.15555555555555559
-0.19636363636363632,-0.09375,-0.05,-0.35,-0.14365079365079364,-0.2,-0.025,-0.15,-0.09999999999999998,-0.2
-0.008333333333333331,-0.2,-0.65,-0.041666666666666664,-0.5,-0.05,-0.1,-0.09722222222222221,-0.46875,-0.09999999999999999
-0.09375,-0.3,-0.2,-0.08230158730158729,-0.22916666666666669,-0.16666666666666666,-0.14583333333333334,-0.21851851851851853,-0.15555555555555559,-0.037500000000000006
-0.15000000000000002,-0.2611111111111111,-0.07999999999999999,-0.20357142857142857,-0.1875,-0.3125,-0.15555555555555559,-0.07500000000000001,-0.25,-0.25
-0.013888888888888895,-0.20833333333333334,-0.05,-0.15555555555555559,-0.09375,-0.09,-0.0944444444444444,-0.17152777777777778,-0.26666666666666666,-0.09111111111111111
-0.45,-0.049999999999999996,-0.12,-1.0,-0.09999999999999998,-0.05,-0.25,-0.4,-0.2198051948051948,-0.5208333333333334
-0.65,-0.08333333333333333,-0.4,-0.0236111111111111,-0.36916666666666664,-0.15,-0.09583333333333335,-0.05,-0.34375,-0.05
-0.75,-0.05,-0.30000000000000004,-0.09375,-0.1,-0.8,-0.8,-0.05,-0.32083333333333336,-0.3188888888888889
-0.1875,-0.04988425925925927,-0.09583333333333334,-0.6,-0.4,-0.125,-0.061904761904761914,-0.08125,-0.05583333333333333,-0.23199404761904763
-0.09375,-0.0625,-0.2,-0.029166666666666664,-0.3125,-0.2,-0.1,-0.05,-0.07777777777777779,-0.04999999999999999
-0.30000000000000004,-0.09523809523809523,-0.33,-0.5,-0.2,-0.39999999999999997,-0.325,-0.14583333333333334,-0.625,-0.008333333333333331
-0.05000000000000001,-0.2791666666666667,-0.3333333333333333,-0.3,-0.2,-0.16666666666666666,-0.08333333333333333,-0.1638888888888889,-0.28425925925925927,-0.2
-0.04375,-0.31025641025641026,-0.16111111111111112,-0.19583333333333333,-0.2333333333333333,-0.12499999999999997,-0.6696428571428572,-0.6499999999999999,-0.06249999999999997,-0.47142857142857136
-0.0625,-0.2,-0.12999999999999998,-0.051851851851851864,-0.10687499999999998,-0.06875,-0.125,-0.125,-0.075,-0.1027777777777778
-0.13773148148148148,-0.05,-0.1851851851851852,-0.03571428571428571,-0.13888888888888887,-0.125,-0.10000000000000002,-0.25,-0.2,-0.390625
-0.25,-0.1,-0.15555555555555559,-0.6,-0.05000000000000001,-0.18194444444444446,-0.1875,-0.16111111111111112,-0.004545454545454543,-0.08333333333333333
-0.25,-0.225,-0.23125,-0.012738095238095238,-0.1277777777777778,-0.17500000000000002,-0.04583333333333334,-0.0625,-0.05,-0.04999999999999999
-0.041666666666666664,-0.31770833333333337,-0.05,-0.16111111111111112,-0.231875,-0.05,-0.05,-0.17152777777777778,-0.4833333333333333,-0.15555555555555559
-0.2571428571428572,-0.09375,-0.13518518518518519,-0.14583333333333331,-0.13333333333333333,-0.03333333333333333,-0.1,-0.4,-0.1875,-0.17152777777777778
-0.020833333333333332,-0.14583333333333334,-0.078125,-0.21666666666666665,-0.25,-0.15,-0.12916666666666665,-0.25,-0.09375,-0.05185185185185187
-0.75,-0.125,-0.15,-0.176984126984127,-0.3333333333333333,-0.4,-0.30000000000000004,-0.11538461538461539,-0.3,-0.02777777777777779
-0.05,-0.125,-0.07142857142857142,-0.2,-0.16666666666666666,-1.850371707708594e-17,-0.053571428571428575,-0.15000000000000002,-0.09791666666666668,-0.2916666666666667
-0.2,-0.05,-0.05416666666666666,-0.35,-0.125,-0.034375,-0.25,-0.2,-0.40249999999999997,-0.15
-0.4111111111111111,-0.234375,-0.025,-0.022222222222222216,-0.1875,-0.25,-0.07777777777777779,-0.2,-0.1,-0.2
-0.25,-0.65,-0.018500000000000006,-0.4,-0.13518518518518519,-0.234375,-0.1375,-0.125,-0.19375,-0.021666666666666667
-0.1,-0.2,-0.28425925925925927,-0.15555555555555559,-0.4,-0.2,-0.3821428571428572,-0.15,-1.0,-0.5
-0.03787878787878789,-0.25,-0.6999999999999998,-0.1777777777777778,-0.065,-0.7,-0.4,-0.225,-0.2916666666666667,-0.16333333333333333
-0.04375,-0.2,-0.6,-0.07777777777777779,-0.012500000000000011,-0.10833333333333334,-0.2525,-0.25,-0.1875,-0.3
-0.25,-0.309375,-0.1875,-0.24375,-0.1827777777777778,-0.15555555555555559,-0.13749999999999998,-0.1,-0.6,-0.1875
-0.21875,-0.06666666666666667,-0.09375,-0.0875,-0.08333333333333333,-0.18055555555555555,-0.09375,-0.3333333333333333,-0.15000000000000002,-0.022222222222222216
-0.025000000000000022,-0.05,-0.10476190476190479,-0.03571428571428571,-0.25666666666666665,-0.1,-0.275,-0.5,-0.31851851851851853,-0.16666666666666666
-0.29583333333333334,-0.02187499999999997,-0.125,-0.5,-0.246875,-1.0,-0.030000000000000016,-0.058928571428571434,-0.07777777777777779,-0.25
-0.125,-0.5,-0.22083333333333333,-0.1,-0.26666666666666666,-0.625,-0.1625,-0.15555555555555559,-9.25185853854297e-18,-0.096875
-0.09375,-0.5,-0.36999999999999994,-0.32685185185185184,-0.05,-0.1,-0.05000000000000001,-0.17777777777777778,-0.2,-0.1388888888888889
-0.2,-0.0625,-0.15185185185185185,-0.1875,-0.2916666666666667,-0.5,-0.4,-0.05243055555555555,-0.07692307692307693,-0.2
-0.1875,-0.5625,-0.0475,-0.25,-0.022222222222222237,-0.4,-0.006666666666666664,-0.21666666666666667,-0.17857142857142858,-0.15625
-0.625,-0.10740740740740741,-0.6999999999999998,-0.25,-0.14285714285714285,-0.27,-0.01180555555555555,-0.3333333333333333,-0.07083333333333333,-0.125
-0.13749999999999998,-0.6,-0.09100000000000001,-0.07500000000000001,-0.060439560439560426,-0.1875,-0.02,-0.15555555555555559,-0.12916666666666668,-0.1
-0.1,-0.21875,-0.1875,-0.0625,-0.5,-0.21875,-0.1,-0.15185185185185188,-0.6,-0.10625
-0.04444444444444443,-0.09999999999999998,-0.28,-0.625,-0.31111111111111106,-0.35,-0.033333333333333326,-0.15555555555555559,-0.4374999999999999,-0.4
-0.07777777777777779,-0.4,-0.05,-0.16666666666666666,-0.03125,-0.16666666666666666,-0.20833333333333334,-0.05000000000000001,-0.19636363636363632,-0.0625
-0.08164682539682538,-0.020833333333333336,-0.8,-0.29166666666666663,-0.09583333333333333,-0.16666666666666666,-0.22125,-0.008333333333333331,-0.2,-0.25
-0.01666666666666668,-0.5,-0.3499999999999999,-0.3,-0.05,-0.09375,-0.12222222222222223,-0.05500000000000001,-0.025,-0.15
-0.05,-0.05,-0.26,-0.6,-0.29821428571428577,-0.23973214285714284,-0.16666666666666666,-0.08333333333333333,-0.16666666666666666,-0.25763888888888886
-0.5,-0.3,-0.390625,-0.25,-0.10595238095238096,-0.0475,-0.04999999999999999,-0.3,-0.3791666666666667,-0.07692307692307693
-0.08333333333333333,-0.011111111111111108,-0.06666666666666667,-0.2625,-0.09999999999999999,-0.05,-0.325,-0.15555555555555559,-0.3,-0.4
-0.1875,-0.006333333333333335,-0.09375,-0.0875,-0.3,-0.08211111111111111,-0.11851851851851852,-0.05000000000000001,-0.1875,-0.1875
-0.5,-0.19722222222222227,-0.09999999999999999,-0.2,-0.1,-0.05,-0.09999999999999999,-0.06388888888888888,-0.014285714285714284,-0.07777777777777779
-0.16666666666666666,-0.4,-0.5,-0.08333333333333333,-0.4,-0.1125,-0.015151515151515152,-0.8,-0.1875,-0.125
-0.0875,-0.5,-0.3159090909090909,-0.1,-0.5,-0.014666666666666666,-0.09791666666666668,-0.041666666666666664,-0.425,-0.10476190476190476
-0.18472222222222223,-0.4,-0.25,-0.028124999999999997,-0.05,-0.6,-0.07777777777777778,-0.175,-0.45,-0.10833333333333334
-0.25,-0.16666666666666666,-0.02,-0.25,-0.234375,-0.43333333333333335,-0.5,-0.1777777777777778,-0.05833333333333333,-0.1
-0.016666666666666684,-0.09999999999999999,-0.3,-0.225,-0.0109375,-0.11666666666666665,-0.35714285714285715,-0.2,-0.3,-0.25
-0.4166666666666667,-0.19583333333333333,-0.5,-0.30666666666666664,-0.05,-0.16666666666666666,-0.1875,-0.1,-0.29375,-0.2
-0.5,-0.125,-0.05,-0.1625,-0.15555555555555559,-0.22291666666666665,-0.06666666666666667,-0.11666666666666665,-0.05,-0.15
-0.07500000000000001,-0.2,-0.03111111111111111,-0.03333333333333333,-0.125,-0.084375,-0.15555555555555559,-0.2625,-0.35,-0.02111111111111112
-0.04999999999999999,0.8,-0.325,-0.15555555555555559,-0.003333333333333327,-0.15555555555555559,0.65,-0.2,-0.3,-0.1875
-0.5,0.6,-0.07777777777777779,-0.11851851851851854,-0.07777777777777778,-0.105,0.259375,-0.05,-0.04423076923076923,-0.15555555555555559
-0.30277777777777776,0.15,-0.14479166666666668,-0.24375,-0.19722222222222222,-0.1,0.25,-0.65,-0.033333333333333326,-0.1
-0.2,1.0,-0.25,-0.45,-0.09375,-0.390625,0.17777777777777778,-0.0625,-0.2,0.1431818181818182
-0.4291666666666667,0.13636363636363635,-0.52,-0.07847222222222221,-0.25,-0.04791666666666667,0.025000000000000005,-0.05937500000000001,-0.25,0.39999999999999997
-0.05,0.1766666666666667,-0.01666666666666666,0.175,-0.2,-0.125,0.1,0.17666666666666667,-0.02777777777777779,0.8
-0.10833333333333334,0.05,-0.1625,0.008333333333333331,-0.4,-0.023333333333333327,0.24625000000000002,0.11666666666666665,-0.012499999999999997,0.35
-0.275,0.22208333333333333,-0.009374999999999994,0.022222222222222216,-0.45,-0.30000000000000004,0.05,0.175,-0.25,0.3518095238095238
-0.1625,0.07398148148148148,-0.21666666666666667,0.2,-0.15555555555555559,-0.15,0.2666666666666667,0.10972222222222221,-0.65,0.43333333333333335
-0.4,0.6,-0.049999999999999996,0.2857142857142857,-0.20625,-0.25,0.05648148148148147,0.3499999999999999,-0.65,0.525
-0.071875,0.1,0.21428571428571427,0.43333333333333335,-0.1,0.21428571428571427,0.7,0.15416666666666667,-0.16666666666666666,0.0625
0.35,0.09464285714285714,0.43333333333333335,0.7,0.22812500000000002,0.4,0.15,0.7,0.2333333333333333,0.5
0.25,0.15,0.029772727272727274,0.3333333333333333,0.24375000000000002,0.06093749999999999,0.3125,0.2857142857142857,0.39999999999999997,0.25
0.4,0.11749999999999998,0.1,0.18333333333333335,0.5,0.2,0.029629629629629617,0.04999999999999999,0.05,0.04464285714285714
0.13636363636363635,1.0,0.125,0.75,0.2607142857142857,0.3499999999999999,0.5,0.2,0.5,0.7
0.00416666666666667,0.17222222222222228,0.10625000000000001,0.09500000000000001,0.23749999999999996,0.3375,0.15791666666666665,0.125,0.39999999999999997,0.15714285714285717
0.016666666666666677,0.47222222222222215,0.27,0.25,0.7,0.12222222222222222,0.15833333333333335,0.03148148148148147,0.5,0.4361111111111111
0.11666666666666665,0.425,0.35000000000000003,0.25,0.7,0.5,0.3,0.19777777777777775,0.3333333333333333,1.0
0.26666666666666666,0.2,0.125,0.2,0.18253968253968256,0.45861111111111114,0.44999999999999996,0.3125,0.1,0.16666666666666666
0.05,0.1952380952380952,0.10813492063492061,0.35,0.5,0.19041666666666668,0.78,0.1,0.16666666666666666,0.275
0.05,0.2,0.30416666666666664,0.075,0.17857142857142858,0.425,0.4,0.5,0.69,0.52
0.625,0.0875,0.25,0.1142857142857143,0.06666666666666667,0.6,0.1875,0.1,0.22000000000000003,0.44
0.7000000000000001,0.07916666666666668,0.19999999999999998,0.2,0.1875,0.05714285714285715,0.3,0.11666666666666665,0.2,0.004209183673469389
0.8,0.1,0.09062499999999998,0.2,0.38,0.2,0.04166666666666668,0.25333333333333335,0.21250000000000002,0.11666666666666665
0.25,0.1875,0.06535714285714286,0.4125,0.04814814814814814,0.12500000000000003,0.22857142857142854,0.25,0.27499999999999997,0.15714285714285717
0.14285714285714285,0.28571428571428575,0.3,0.2285714285714286,0.1875,0.8,0.39285714285714285,0.33333333333333337,0.16666666666666666,0.008333333333333331
0.1,0.8,0.145,0.25,0.21833333333333335,0.06444444444444444,0.1,0.3601190476190476,0.021874999999999995,0.1953125
0.39999999999999997,0.32857142857142857,0.0788888888888889,0.4,0.175,0.25,0.2,0.0028571428571428524,0.09208333333333332,0.35
0.1,0.5,0.25625,0.03333333333333334,0.13333333333333333,0.25,0.4928571428571428,0.7,0.6833333333333333,0.15625
0.2,0.0619047619047619,0.55,0.1,0.05249999999999999,0.05000000000000002,0.3,0.0047619047619047545,0.6,0.2
0.25,0.38,0.05,0.8,0.016666666666666677,0.35714285714285715,0.3261904761904762,0.21428571428571427,0.6499999999999999,0.27499999999999997
0.16666666666666666,0.12083333333333335,0.056249999999999994,0.07500000000000001,0.010416666666666676,0.071875,0.4083333333333334,0.5,0.028571428571428567,0.30625
0.5666666666666667,0.2125,0.375,0.1,0.25,0.2,0.19545454545454546,0.1,0.39999999999999997,0.05
0.15833333333333333,0.32727272727272727,0.03125,0.2,0.47222222222222227,0.05,0.275,0.2,0.5,0.2
0.26666666666666666,0.11666666666666665,0.27199999999999996,0.075,0.36875,0.7,0.39,0.2,0.17250000000000001,0.2
0.09285714285714285,0.2,0.11666666666666665,0.35,0.7,0.8,0.675,0.5,0.1,0.14750000000000002
0.125,0.15000000000000002,0.04999999999999999,0.033333333333333326,0.25625,0.03125,0.14771825396825397,0.02333333333333333,0.3,0.2857142857142857
0.25,0.14814814814814814,0.15833333333333333,0.15833333333333333,0.10833333333333334,0.8,0.19999999999999998,0.103125,0.35,0.6
0.2965909090909091,0.35714285714285715,0.8,0.11616161616161616,0.15791666666666668,0.21666666666666665,0.55,0.1,0.25,0.09999999999999999
0.25,0.13333333333333333,0.4,0.25,0.12876984126984128,0.6174999999999999,0.00416666666666667,0.2,0.5,0.14814814814814814
0.1,0.0062500000000000056,0.5,0.375,0.5,0.08333333333333334,0.13333333333333333,0.1,0.5,0.33571428571428574
0.0625,0.00416666666666667,0.25,0.7,0.15,0.125,0.175,0.45,0.15,0.225
0.4,0.3833333333333333,0.1,0.15,0.4666666666666666,0.5,0.30000000000000004,0.06153846153846154,0.13749999999999998,0.20833333333333331
0.4,0.013541666666666674,0.17222222222222222,0.2,0.35,0.8,0.6,0.35,0.4166666666666667,0.25
0.20625,0.2,0.15625,0.375,0.32,0.3046875,0.11666666666666668,0.15,0.07819444444444443,0.11818181818181818
0.02500000000000003,0.24583333333333335,0.7,0.4,0.325,0.5,0.15416666666666665,0.25,0.3,0.25
0.6,0.2333333333333333,0.06944444444444445,0.5,0.03194444444444445,0.08333333333333334,0.25,0.5,0.1,0.13888888888888887
0.8,0.35,0.24444444444444438,0.07142857142857142,0.4,0.275,0.4787878787878788,0.011111111111111118,0.16818181818181818,0.19999999999999998
0.125,0.19999999999999998,0.13,0.2,0.214582560296846,0.4,0.4,2.7755575615628915e-18,0.195,0.1875
0.5,0.24999999999999997,0.08,0.1,0.09,0.11481481481481481,0.13333333333333333,0.2583333333333333,0.09375,0.3875
0.25,0.0034722222222222203,0.08124999999999999,0.7,0.4,0.13636363636363635,0.7166666666666667,0.16666666666666669,0.125,0.015740740740740736
0.5,0.25,0.375,0.17,0.3666666666666667,0.35,0.3333333333333333,0.07812499999999999,0.07041666666666667,0.225
0.325,0.43333333333333335,0.1,0.1375,0.5,0.3611111111111111,0.6,0.7,0.25,0.22222222222222218
0.8,0.25,0.05000000000000002,0.13333333333333336,0.22083333333333335,0.7,0.02777777777777778,0.3228571428571429,0.06190476190476191,0.22666666666666666
0.05,0.5499999999999999,0.1,0.1,0.16666666666666666,0.225,0.1,0.14285714285714285,0.325,0.5333333333333333
0.25,0.08,0.3,0.6,0.2857142857142857,0.13,0.5,0.08333333333333333,0.21250000000000002,0.5
0.08333333333333333,0.26,0.25,0.225,0.1,0.06666666666666667,0.55,0.15625,0.2,0.5
0.2,0.25,1.0,0.2533333333333333,0.2,0.375,0.3,0.25,0.09999999999999999,0.18989898989898987
0.02500000000000001,0.3833333333333333,0.24999999999999997,0.2777777777777778,0.032499999999999994,0.1,0.6666666666666666,0.14166666666666666,0.1625,0.35
0.35,0.09285714285714286,0.2,0.05,0.09833333333333331,0.21666666666666667,0.5,0.4222222222222222,0.12857142857142856,0.5
0.1,0.5,0.4166666666666667,0.41666666666666663,0.6,0.27083333333333337,0.26666666666666666,0.24285714285714285,0.041666666666666664,0.05
0.625,0.3020833333333333,0.6,0.09999999999999999,0.1,0.30476190476190473,0.1125,0.3,0.1,0.05000000000000001
0.39081632653061227,0.4,0.85,0.5,0.39999999999999997,0.01666666666666668,0.020833333333333332,0.015000000000000003,0.05000000000000001,0.2
0.75,0.85,0.1,0.025000000000000005,0.2787878787878788,0.7,0.16666666666666669,0.25,0.3125,0.25
0.06999999999999999,0.6,0.037500000000000006,0.35,0.09001322751322752,0.35,0.25,0.25,0.43749999999999994,0.125
0.54,0.2375,0.3,0.17045454545454544,0.21666666666666667,0.55,0.3520833333333333,0.25,0.15,0.2638888888888889
0.3,0.10416666666666666,0.0625,0.25,0.1,0.13999999999999999,0.04,0.11666666666666665,0.7,0.1875
0.1125,0.21875,0.125,0.6,0.13636363636363635,0.17222222222222222,0.13636363636363635,0.19,0.45,0.1875
0.475,0.010357142857142851,0.3,0.8,0.1,0.08645833333333335,0.425,0.2,0.1,0.5
0.4000000000000001,0.36124999999999996,0.2,0.5,0.3625,0.125,0.25,0.7,0.019444444444444445,0.85
0.008928571428571425,0.2222222222222222,0.7333333333333333,0.07800000000000003,0.48750000000000004,0.6,0.5,0.3,0.19999999999999998,0.2591836734693877
0.0500000000000001,0.05,0.625,0.15000000000000002,0.2,0.2,0.515,0.1,0.415,0.05714285714285717
0.19722222222222224,0.85,0.2,0.00800000000000003,0.05416666666666667,0.24166666666666667,0.4,0.25,0.19999999999999998,0.2
0.041666666666666664,0.05000000000000001,0.07499999999999998,0.021428571428571422,0.02500000000000001,0.35,0.4666666666666667,0.31666666666666665,0.3525,0.2675
0.1875,0.21964285714285714,0.0012500000000000011,0.2400793650793651,0.5,0.1,0.3,0.30897435897435904,0.375,0.26111111111111107
0.11666666666666667,0.3444444444444444,0.0722222222222222,0.16666666666666666,0.5,0.40625,0.2,0.012121212121212116,0.15,0.25
0.33749999999999997,0.25,0.09097222222222222,0.18148148148148147,0.06816161616161616,0.03333333333333334,0.3,0.6,0.2857142857142857,0.43333333333333335
0.125,0.1,0.6,0.10000000000000002,0.2743055555555555,0.11818181818181818,0.7566666666666666,0.5633333333333334,0.1,0.875
0.027437641723356002,0.1,0.1,0.26666666666666666,0.1388888888888889,0.2,0.15656565656565655,0.15000000000000002,0.538888888888889,0.128125
0.09999999999999998,0.28518518518518515,0.4166666666666667,0.2,0.2,0.35,0.009999999999999998,0.25,1.0,0.375
0.1,0.35,0.2,0.8,0.19083333333333335,0.45,0.175,0.65,0.8,0.6833333333333333
0.27999999999999997,0.20909090909090908,0.1,0.16666666666666666,0.25,0.35,0.05,0.39999999999999997,0.1,0.5
0.19999999999999998,0.25625000000000003,0.39333333333333326,0.21666666666666667,0.1125,0.7,0.16666666666666666,0.2,0.7111111111111111,0.5
0.2,0.15416666666666665,0.4571428571428572,0.3,0.4166666666666667,0.5,0.35,0.24375,0.4375,0.03333333333333333
0.0033333333333333574,0.3333333333333333,0.13,0.16666666666666663,0.275,0.2125,0.15000000000000002,0.0062500000000000056,0.1,0.25
0.5166666666666666,0.22098214285714285,0.5,0.3038888888888888,0.1,0.05,0.06944444444444443,0.16666666666666666,0.31666666666666665,0.1
0.3333333333333333,0.15000000000000002,0.14876033057851237,0.5,0.6,0.3333333333333333,0.4777777777777778,0.30000000000000004,0.2785714285714286,0.275
0.18148148148148147,0.625,0.2972222222222222,0.1,1.0,0.175,0.2,0.43333333333333335,0.7,0.35
0.5,1.0,0.125,0.13333333333333333,0.5,0.3,0.18571428571428575,0.2,0.0675,0.25
0.6,0.1232142857142857,0.01154761904761907,0.1,0.11299999999999999,0.13636363636363635,0.26666666666666666,0.027777777777777773,1.0,0.1
0.2,0.625,0.08333333333333333,0.5,0.17222222222222222,0.04583333333333334,0.5,0.1,0.13541666666666669,0.16666666666666666
0.18333333333333335,0.225,0.275,0.022222222222222213,0.06666666666666667,0.2,0.03,0.1,0.08333333333333333,0.2
0.1,0.7,1.0,0.125,0.5666666666666668,0.14999999999999997,0.04464285714285714,0.30000000000000004,0.3333333333333333,0.3333333333333333
0.25,0.16666666666666666,0.4,0.6,0.35714285714285715,0.06818181818181818,0.06,0.6,0.5,0.28106060606060607
0.6,0.43333333333333335,0.05,0.2333333333333333,0.16666666666666666,0.7,0.32499999999999996,0.12083333333333335,0.225,0.033333333333333326
0.5,0.5,0.25,0.35,0.1,0.6428571428571428,0.08333333333333333,1.0,0.6,0.1
0.1,0.26666666666666666,0.1722222222222222,0.15000000000000002,0.2,0.2,0.23333333333333336,0.21666666666666665,0.32857142857142857,0.06666666666666667
0.225,0.35,0.14444444444444446,0.25,0.24,0.4,0.2041666666666667,0.43333333333333335,0.06833333333333333,0.19
0.5375,0.1,0.022222222222222213,0.5,0.3333333333333333,0.2,0.09375,0.35714285714285715,0.1,0.0031250000000000167
0.04999999999999999,0.45,0.175,0.7,0.25,0.25,0.09047619047619047,0.06666666666666665,0.5,0.4
0.36666666666666664,0.85,0.21180555555555555,0.23750000000000002,0.2020833333333333,0.15,0.05833333333333332,0.25,0.14285714285714285,0.5
0.10000000000000002,0.6,0.1,0.06666666666666667,0.5,0.07314814814814814,0.35,0.31999999999999995,0.415,0.1
0.125,0.35,0.0625,0.17857142857142858,0.15625,0.25,0.01666666666666667,0.25,0.32999999999999996,0.35
0.006666666666666677,0.56,0.04,0.8333333333333334,0.4,0.3,0.18939393939393936,0.25,0.15,0.26
0.2,0.26,0.175,0.16666666666666666,0.7,0.284375,0.3333333333333333,0.03333333333333333,0.25,0.25
0.8500000000000001,0.07021604938271603,0.2,0.13749999999999998,0.375,0.2,0.04761904761904761,0.2375,0.25,0.3266666666666667
0.44999999999999996,0.3375,0.0722222222222222,0.24666666666666667,0.08603174603174601,0.06666666666666665,0.2,0.425,0.3875,0.35
0.3,0.21666666666666665,0.29523809523809524,0.26,0.24318181818181817,0.1491496598639456,0.007142857142857131,0.35,0.875,0.08690476190476192
0.27499999999999997,0.2857142857142857,0.275,0.6,0.05,0.5,0.35714285714285715,0.07714285714285714,0.06481481481481481,0.18333333333333335
0.3125,0.3,0.3,0.4375,0.08750000000000001,0.15000000000000002,0.13333333333333333,0.0722222222222222,0.25708333333333333,0.2
0.1,0.08409090909090909,0.2638888888888889,0.17045454545454544,0.23571428571428574,0.24444444444444446,1.0,0.3,0.5875,0.059999999999999984
0.4,0.55,0.25,0.21749999999999997,0.04907407407407407,0.16785714285714284,0.19999999999999998,0.30476190476190473,0.25978835978835974,0.44000000000000006
0.1875,0.10711805555555555,0.25,0.8,0.5888888888888889,0.09999999999999998,0.25,0.3666666666666667,0.1259259259259259,0.16666666666666666
0.06666666666666667,0.028888888888888874,0.016666666666666673,0.65,0.00416666666666667,0.09444444444444446,0.5,0.044642857142857144,0.3,0.0875
0.30999999999999994,0.4,0.052500000000000005,0.2857142857142857,0.14333333333333334,0.5,0.5166666666666666,0.375,0.037500000000000006,0.6
0.65,0.2,0.3,0.09999999999999999,0.25,0.125,0.5,0.16999999999999998,0.5,0.6
0.21428571428571427,0.253125,0.4666666666666666,0.0625,0.35750000000000004,0.2,0.4,0.1,0.4681818181818182,0.1
0.25,0.3125,0.55,0.5,0.5333333333333333,0.1,0.2,0.227,0.44999999999999996,0.3111111111111111
0.85,0.5,0.378125,0.25,0.25,0.55,0.08333333333333333,0.18333333333333332,0.05416666666666667,0.3833333333333333
0.11904761904761905,0.07333333333333333,0.6,0.8,0.34375,0.0625,0.2,0.375,0.5,0.25
0.07500000000000001,0.08333333333333333,0.25,0.2380952380952381,0.26875,0.3,0.1875,0.1,0.2,0.14583333333333334
0.15625,0.2333333333333333,0.06666666666666667,0.1,0.2,0.4,0.5,0.24062499999999998,0.05499999999999999,0.2
0.3275,0.32222222222222224,0.085,0.1666666666666667,0.06666666666666667,0.75,0.13999999999999999,0.0625,0.25,0.5
0.5,0.26666666666666666,0.16999999999999998,0.2468013468013468,0.18624338624338624,0.30000000000000004,0.6,0.1625,0.25,0.6
0.22916666666666669,0.02083333333333333,0.02500000000000001,0.9,0.4041666666666667,0.06666666666666667,0.03933333333333333,0.1,0.35,0.3666666666666667
0.12916666666666668,0.26153846153846155,0.1,0.1,0.012499999999999992,0.33666666666666667,0.19999999999999998,0.1333333333333333,0.1525,0.7
0.13636363636363635,0.06190476190476191,0.41250000000000003,0.44999999999999996,0.15000000000000002,0.15,0.018981481481481488,0.0062500000000000056,0.64,0.4275
0.26785714285714285,0.5,0.2,0.2,0.45,0.2833333333333334,0.04999999999999999,0.43333333333333335,0.15,0.09776785714285714
0.3,0.22499999999999998,0.8,0.1274621212121212,0.625,0.1,1.0,0.5,0.5394444444444444,0.15000000000000002
0.6,0.562142857142857,0.22499999999999998,0.16666666666666669,0.39999999999999997,0.15312499999999998,0.7,0.9099999999999999,0.07499999999999998,0.4166666666666667
0.1,0.3333333333333333,0.25,0.13749999999999998,0.19999999999999998,0.3083333333333333,0.13636363636363635,0.5,0.02375000000000001,0.78
0.35,0.55,0.25,0.0047619047619047545,0.4,0.6,0.0725,0.24375,0.25,0.3866666666666667
0.1625,0.16666666666666666,0.2,0.3,0.1,0.75,0.75,0.18653846153846157,0.5428571428571429,0.06666666666666667
0.5,0.07179487179487179,0.03333333333333334,0.2916666666666667,0.0875,0.16,0.4041666666666666,0.07222222222222222,0.275,0.1
0.2,0.5,1.0,0.1,0.3375,0.25625000000000003,0.3,0.19999999999999998,0.059656084656084664,0.39999999999999997
0.2,0.05,0.4125,0.2625,0.27999999999999997,0.296875,0.5,0.6,0.1507936507936508,0.65
0.39999999999999997,0.13636363636363635,0.1,0.02500000000000001,0.11850000000000001,0.33125,0.1,0.2,0.25,0.325
0.26666666666666666,0.25,0.1880952380952381,0.016666666666666666,0.4,0.30416666666666664,0.125,0.5071428571428571,0.25,0.35
0.6,0.26,0.15000000000000002,0.6366666666666667,0.05,0.6,0.3125,0.6000000000000001,0.012499999999999997,0.175
0.35,0.7,0.3833333333333333,0.15,0.16041666666666665,0.25,0.05,0.3333333333333333,0.15,0.17500000000000002
0.07222222222222223,0.46388888888888885,0.8,0.2,0.125,0.15714285714285714,0.078125,0.2333333333333333,0.19444444444444445,0.1
0.18906250000000002,0.053125,0.25,0.175,0.010555555555555535,0.10833333333333332,0.2,0.35,0.2,0.05833333333333333
0.2,0.033333333333333326,0.08705357142857142,0.8,0.7,0.1125,0.18571428571428572,0.4666666666666666,0.4,0.12916666666666665
0.6083333333333333,0.06666666666666665,0.016666666666666663,0.32499999999999996,0.1625,0.30476190476190473,0.30000000000000004,0.1,0.2,0.0625
0.15,0.6157142857142857,0.08611111111111111,0.25,0.2857142857142857,0.3,0.25,0.17500000000000002,0.35,0.39999999999999997
0.075,0.6,0.23,0.225,0.31785714285714284,0.09042857142857143,0.21666666666666665,0.2,0.31666666666666665,0.36
0.3,0.8833333333333333,0.07500000000000001,0.125,0.25,0.06666666666666667,0.05,0.30000000000000004,0.10142857142857142,0.22499999999999998
0.26666666666666666,0.385,0.14999999999999997,0.3333333333333333,0.2,0.4,0.1468013468013468,0.13749999999999998,0.3570833333333333,0.5
0.14285714285714285,0.1,0.04375,0.11249999999999999,0.475,0.64,0.5,0.20000000000000004,0.20476190476190478,0.8
0.125,0.15625,0.6,1.0,0.35,0.17857142857142855,0.35213675213675216,0.08645833333333333,0.38,0.43
0.10625000000000001,0.33999999999999997,0.2,0.04134615384615384,0.1,0.175,0.9166666666666666,0.20454545454545456,0.8,0.21666666666666667
0.02500000000000001,0.2833333333333333,0.3,0.1,0.10625,0.2,0.037499999999999985,0.1,0.20357142857142857,0.022222222222222213
0.35,0.5,0.13636363636363635,0.2833333333333333,0.47222222222222227,0.033333333333333326,0.43333333333333335,0.5,0.39814814814814814,0.325
0.05952380952380952,0.6,0.6403703703703703,0.25,0.25,0.16277777777777777,0.21428571428571427,0.3666666666666667,0.2333333333333333,0.5
0.6055555555555555,0.19444444444444445,0.25,0.5,0.1,0.059375,0.25,0.2,0.0765625,0.25
1.0,0.15952380952380954,0.875,0.21428571428571427,0.08375,0.08253968253968252,0.7,0.43333333333333335,0.2,0.11666666666666665
0.17420634920634917,0.05357142857142857,0.2857142857142857,0.12550505050505048,0.2,0.45,0.35,0.14999999999999997,0.26,0.17222222222222222
0.15,0.21428571428571427,0.3,0.40714285714285714,0.175,0.525,0.5,0.4,0.2,0.625
0.04479166666666665,0.16666666666666669,0.13749999999999998,0.6,0.12250000000000001,0.26,0.025,0.10416666666666666,0.7,0.5
0.5,0.03333333333333336,0.35,0.35,0.17250000000000001,0.35,0.1875,0.2,0.5,0.8
0.2222222222222222,0.14583333333333334,0.25,0.5,0.07500000000000001,0.005555555555555554,0.5,0.6,0.03125,0.5
0.15,0.3,0.1,0.125,0.20416666666666664,0.5,0.07916666666666666,0.625,0.25625,0.478888888888889
0.10208333333333335,0.5,0.25,0.2,0.35,0.4041666666666666,0.25,0.35,0.25,0.5
0.2270833333333333,0.875,0.2252314814814815,0.425,0.26666666666666666,0.23333333333333336,0.1952380952380952,0.03125,0.05,0.2
0.4541666666666666,0.1875,0.20111111111111107,0.5,0.21428571428571427,0.20714285714285713,0.19999999999999998,0.175,0.7,0.025
0.18875000000000003,0.2,0.26666666666666666,0.008333333333333318,0.19166666666666665,0.26,0.353125,0.4,0.20000000000000004,0.15125
0.13636363636363635,0.10416666666666667,0.25,1.0,0.6,0.2857142857142857,0.4,0.4928571428571428,0.12936507936507938,0.4
0.09727272727272726,0.30833333333333335,0.1,0.2,0.08333333333333333,0.6,0.375,0.5,0.3,0.15714285714285714
0.10000000000000002,0.2375,0.25,0.37063492063492065,0.6,0.39999999999999997,0.1,0.8,0.037500000000000006,0.1
0.42733333333333334,0.3025,0.09999999999999998,0.25,0.30000000000000004,0.05,0.6499999999999999,0.2857142857142857,0.20857142857142855,0.4
0.6,0.1,0.23265306122448978,0.2,0.0625,0.44999999999999996,0.12249999999999998,0.625,0.05,0.875
0.26785714285714285,0.55,0.26,0.13636363636363635,0.8,0.8,0.13333333333333333,0.16666666666666666,0.22051282051282053,0.14999999999999997
0.21875,0.21666666666666665,0.04722222222222221,0.5111111111111111,0.5,0.15000000000000002,0.03888888888888888,0.4666666666666667,0.6,0.7
0.6,0.05602678571428572,0.25,0.7,0.26666666666666666,0.024999999999999994,0.5,0.08333333333333333,0.3333333333333333,0.016666666666666673
0.4375,0.5,0.78,0.6,0.10000000000000002,0.07083333333333335,0.5,0.3,0.13749999999999998,0.07500000000000001
0.012878787878787904,0.3,0.05,0.2375,0.03333333333333333,0.5,0.275,0.1,0.5,0.04166666666666666
0.13809523809523808,0.18148148148148147,0.27499999999999997,0.5900000000000001,0.625,0.09999999999999999,0.21428571428571427,0.048148148148148155,0.2857142857142857,0.2708333333333333
0.040000000000000015,0.6,0.06666666666666667,0.442,0.5166666666666666,0.22285714285714286,0.7,0.3571428571428571,0.5,0.13636363636363635
0.1722222222222222,0.21517857142857144,0.26666666666666666,0.11785714285714285,0.06944444444444443,0.19999999999999998,0.7725,0.26666666666666666,0.1,0.09226190476190475
0.13333333333333333,0.31527777777777777,0.3,0.225,0.3,0.2857142857142857,0.2925,0.06666666666666667,0.015000000000000003,0.20625
0.26,0.0625,0.037500000000000006,0.55,0.175,0.25,0.15625,0.046875,0.25,0.1
0.1375,0.1,0.12083333333333333,0.11666666666666665,0.022222222222222213,0.1,0.3666666666666667,0.2,0.33916666666666667,0.25
0.625,0.7,0.1111111111111111,0.475,0.25,0.5,0.15,0.2,0.425,0.15000000000000002
0.5,0.4,0.07500000000000001,0.09047619047619046,0.11750000000000001,0.3051948051948052,0.025,0.2,0.17222222222222222,0.2785714285714286
0.21250000000000002,1.0,0.1,0.37833333333333335,0.7166666666666666,0.26666666666666666,0.4,0.07,0.37777777777777777,0.425
0.175,0.2640740740740741,0.375,0.2,0.25,0.7,0.6333333333333333,0.5,0.7,0.25
0.21250000000000002,0.75,0.15,0.5,0.09166666666666667,0.25,0.3,0.05,0.9166666666666666,0.15333333333333335
0.3,0.13636363636363635,0.4,0.12083333333333335,0.6,0.5,0.21428571428571427,0.1,0.625,0.18371212121212124
0.5,0.25625000000000003,0.38888888888888884,0.23039529914529913,0.1,0.0666666666666667,0.07619047619047618,0.25,0.37321428571428567,0.5
0.01597222222222222,0.5,0.1811111111111111,0.05,0.08388888888888887,0.45,0.1,0.21875,0.1,0.19642857142857142
0.2857142857142857,0.125,0.5,0.6,0.048611111111111126,0.16666666666666666,0.2,0.5,0.8,0.13333333333333333
0.19999999999999998,0.3,0.15,0.08333333333333333,0.1,0.6,0.2375,0.6,0.5,0.625
0.3,0.175,0.3,0.7,0.5,0.7,0.2,0.43333333333333335,0.3,0.175
0.2,0.2,0.47159090909090906,0.4125,0.053125000000000006,0.125,0.01888888888888889,0.29523809523809524,0.6,0.19739583333333333
0.75,0.7,0.6,0.7,0.06666666666666665,0.17857142857142858,0.6,0.5333333333333333,0.1,0.6
0.15,0.4,0.125,0.2333333333333333,0.05,0.26,1.0,0.03333333333333333,0.015909090909090914,0.125
0.3020833333333333,0.5,0.4333333333333333,0.6,0.15,0.05,0.5,0.15,0.037500000000000006,0.1875
0.6,0.39999999999999997,0.8,0.14333333333333334,0.037500000000000006,0.2,0.0875,0.48750000000000004,0.5,0.4
0.625,0.625,0.6,0.125,0.075,0.5,0.25,0.4375,0.75,0.20625
0.125,0.6,0.065625,0.3,0.125,0.15625,0.35000000000000003,0.011111111111111118,0.3333333333333333,0.25
0.39999999999999997,0.07083333333333335,0.3666666666666667,0.06190476190476191,0.03750000000000005,0.25,0.4,0.18125,0.2857142857142857,0.4333333333333333
0.5449999999999999,0.2033333333333333,0.625,0.06481481481481481,0.017500000000000016,0.30625,1.0,0.6,0.06812499999999999,0.26
0.2916666666666667,0.48333333333333334,0.3,0.18148148148148147,0.2,0.21250000000000002,0.125,0.25,0.12250000000000001,0.19
0.20833333333333334,0.5,0.6,0.3,0.3125,0.205,0.4,0.2,0.6,0.4
0.2,0.075,0.3,0.19,0.125,0.5,0.2925,0.10416666666666666,0.21428571428571427,0.125
0.020833333333333332,0.1,0.04722222222222221,0.25,0.5,0.0031250000000000028,0.475,0.4666666666666667,0.3541666666666667,0.05
0.1,0.375,0.065,0.12113095238095238,0.24375,0.16285714285714287,0.08333333333333333,0.1486111111111111,0.3866666666666667,0.35
0.19999999999999998,0.12499999999999999,0.2,0.0031250000000000028,0.175,0.11666666666666665,0.35,0.10000000000000002,0.1,0.5
0.02812500000000001,0.1,0.5,0.1305555555555556,0.5,0.296875,0.30625,0.13611111111111113,0.008333333333333318,0.14666666666666667
0.11250000000000004,0.4,0.5,0.08,0.04910714285714285,0.056249999999999994,0.20625,0.7333333333333333,0.29999999999999993,0.06607142857142859
0.5,0.024999999999999994,0.5,0.6,0.125,0.4,0.25,0.2,0.47222222222222227,0.6
0.04999999999999999,0.033333333333333326,0.3666666666666667,0.033333333333333326,0.4,0.6375,0.7,0.06666666666666667,0.1,1.0
0.1,0.215,0.33749999999999997,0.06666666666666667,0.49333333333333335,0.5166666666666667,0.15545454545454546,0.10412414965986394,0.78,0.05357142857142857
0.3,0.1,0.5,0.5,0.2,1.850371707708594e-17,0.5,0.30000000000000004,0.09523809523809523,0.15753968253968254
0.1,0.022222222222222216,0.5,0.08333333333333333,0.04999999999999999,0.7,0.15833333333333333,0.55,0.07777777777777779,0.11481481481481477
0.13214285714285715,0.21666666666666667,0.1,0.125,0.9099999999999999,0.11481481481481481,0.11666666666666668,0.257,0.0625,0.19999999999999998
0.1714285714285714,0.11666666666666665,0.32222222222222224,0.049999999999999996,0.13055555555555556,0.13749999999999998,0.29285714285714287,0.02500000000000001,0.33125,0.275
0.0025000000000000022,0.2583333333333333,0.10000000000000002,0.3222222222222222,0.2888888888888889,0.375,0.275,0.2333333333333333,0.61,0.8
0.3,0.7,0.13333333333333333,0.05833333333333333,0.2875,0.15,0.1,0.11000000000000001,0.2087912087912088,0.1
0.19999999999999996,0.01822916666666667,0.319047619047619,0.6,0.16666666666666666,0.7,0.08333333333333333,0.15,0.3,0.1
0.3,0.16666666666666666,0.25,0.44,0.13636363636363635,0.16666666666666666,0.1,0.35,0.11875000000000001,0.006107954545454545
0.28068181818181814,0.7,0.024999999999999994,0.375,0.8,0.2,0.25,0.15000000000000002,0.09999999999999999,0.08333333333333333
0.06999999999999999,0.6,0.10833333333333332,0.2125,0.08,0.35,0.8,0.44999999999999996,0.10285714285714287,0.26666666666666666
0.2,0.037500000000000006,0.05000000000000002,0.11666666666666665,0.13749999999999998,0.3,0.39,0.17424242424242423,0.01060606060606061,0.4
0.5,0.475,0.55,0.1875,0.45,0.5,0.17055555555555554,0.325,0.1,0.44
0.1875,0.2015625,0.32,0.4833333333333334,0.2,0.2,0.5,0.07666666666666667,0.16416666666666666,0.09999999999999999
0.3,0.19250000000000003,0.1,0.25,0.625,0.4,0.075,0.4666666666666666,0.30000000000000004,0.12857142857142856
0.25,0.5,0.049999999999999996,0.6166666666666667,0.006666666666666677,0.125,0.26944444444444443,0.5,0.1125,0.024999999999999994
0.22564285714285717,0.4,0.30833333333333335,0.15,0.198015873015873,0.15714285714285714,0.3125,0.48333333333333334,0.1,0.15555555555555556
0.09999999999999998,0.016666666666666666,0.22083333333333333,0.025,0.04761904761904764,0.5,0.23500000000000004,0.2,0.9099999999999999,1.0
0.6,0.44999999999999996,0.05,0.16666666666666666,1.0,0.125,0.3,0.3125,0.1,0.178125
0.22499999999999998,0.05185185185185185,0.5666666666666667,0.1,0.4,0.1,0.11666666666666665,0.5714285714285715,0.2333333333333333,0.2852272727272727
0.08409090909090909,0.3,0.10509259259259258,0.5666666666666667,0.18333333333333335,0.01481481481481479,0.2681818181818182,0.1375,0.2,0.032142857142857126
0.02992424242424243,0.21666666666666665,0.2,0.2,0.25,1.0,0.041666666666666664,0.48,0.5,0.26666666666666666
0.16666666666666666,0.016666666666666677,0.0625,0.4,0.425,0.4,0.2347222222222222,0.1,0.1,0.43333333333333335
0.6000000000000001,0.4,0.4464285714285714,0.17777777777777778,0.475,0.2583333333333333,0.25,0.5,0.35,0.2816666666666667
0.31666666666666665,0.13239795918367347,0.08333333333333333,0.6,0.75,0.7999999999999999,1.0,0.041369047619047625,0.6,0.16666666666666669
0.26666666666666666,0.35714285714285715,0.3,0.2,0.10000000000000002,0.65,0.04583333333333334,0.008333333333333331,0.10833333333333332,0.09000000000000001
0.17250000000000004,0.4083333333333333,0.47500000000000003,0.06805555555555554,0.10416666666666667,0.37142857142857144,0.16666666666666666,0.125,0.04464285714285716,0.125
0.19375,0.1,0.030621693121693116,0.1954,0.016666666666666677,0.35,0.075,0.5,0.10833333333333332,0.06507936507936506
0.4681818181818182,0.128125,0.053125000000000006,0.014285714285714282,0.5,0.625,0.4,0.05952380952380952,0.15,0.18
0.07138888888888888,0.7,0.30486111111111114,0.019444444444444417,0.1375,0.7,0.1,0.125,0.1,0.1
0.23333333333333336,0.12142857142857143,0.06666666666666668,0.27777777777777773,0.08333333333333333,0.45,0.7,0.1,0.2708333333333333,0.13
0.2,0.26666666666666666,0.625,0.2,0.7,0.30000000000000004,0.5,0.225,0.27232142857142855,0.3
0.21666666666666665,0.5,0.3125,0.16666666666666666,0.071875,0.2,0.3,0.2,0.1,0.1
0.375,0.3958333333333333,0.2,0.3666666666666667,0.2575,0.1333333333333333,0.4,0.4,0.3,0.3375
0.13636363636363635,0.26666666666666666,0.05,0.5,0.25,0.3333333333333333,0.13068181818181818,0.4333333333333333,0.12500000000000003,0.5
0.04166666666666667,0.30625,0.5,0.8,0.12000000000000002,0.25,0.033333333333333326,0.325,0.1814814814814815,0.6
0.6,0.5,0.15625,0.028911564625850355,0.19543650793650794,0.07261904761904762,0.04374999999999999,0.5,0.07314814814814814,0.4234375
0.7,0.125,0.41,0.059999999999999984,0.2232142857142857,0.11111111111111112,0.5,0.11388888888888889,0.21428571428571427,0.175
0.20546874999999998,0.08,0.31,0.21666666666666667,0.20571428571428568,0.6,0.125,0.12916666666666665,0.7,0.4
0.16,0.2,0.575,0.07500000000000001,0.8,0.5,0.1,0.35,0.4166666666666667,0.35
0.325,0.6,0.12916666666666665,0.39444444444444443,0.221875,0.6,0.41999999999999993,0.04545454545454545,0.16,0.024682539682539677
0.5,0.3833333333333333,0.5,0.12878787878787878,0.02083333333333334,0.11000000000000001,0.2333333333333333,0.2,0.5833333333333334,0.43333333333333335
0.3814814814814815,0.6,0.35,0.18148148148148147,0.6,1.0,0.35,0.13020833333333334,0.3,0.3333333333333333
0.27575757575757576,0.36,0.325,0.1476190476190476,0.16874999999999998,0.5,0.1,0.16666666666666666,0.8,0.016666666666666677
0.056249999999999994,0.36750000000000005,0.7,0.425,0.2,0.352,0.1,0.22000000000000003,0.425,0.09285714285714285
0.022222222222222213,0.10000000000000002,0.3321428571428572,0.7333333333333333,0.095,0.2,0.25,0.05,0.40694444444444444,0.5
0.6,0.4,0.16666666666666669,0.07500000000000001,0.7,0.009999999999999998,0.15999999999999998,0.3,0.4,0.016666666666666677
0.4166666666666667,0.5,0.16666666666666666,0.5,0.6,0.4125,0.15727272727272726,0.01736111111111111,0.75,0.03125
0.5816666666666667,0.15,0.7,0.5,0.019999999999999997,0.30625,0.15625,0.20625,0.05,0.5833333333333334
0.1,0.15,0.7,0.36250000000000004,0.09999999999999999,0.13333333333333333,0.05,0.15,0.21666666666666667,0.0925
0.01111111111111112,0.5,0.35,0.2,0.6499999999999999,0.19999999999999998,0.5,0.007638888888888894,0.05500000000000001,0.4375
0.44999999999999996,0.65,0.4,0.33575757575757575,0.5,1.0,0.1,0.09444444444444444,0.8,0.125
0.1875,0.14333333333333334,0.6,0.5023809523809524,0.625,0.3015625,0.024999999999999994,0.03750000000000002,1.0,0.8
0.1,0.2,0.15104166666666669,0.6,1.0,0.026031746031746024,0.19250000000000003,0.4,0.2633333333333333,0.15000000000000002
0.2571428571428571,0.1,0.05,0.675,0.6,0.2,0.03148148148148147,0.03333333333333333,0.2,0.3333333333333333
0.390625,0.5,0.59375,0.20833333333333331,0.1875,0.6,0.26458333333333334,0.1875,0.5,0.2
0.225,0.10000000000000002,0.115625,0.09642857142857142,0.07500000000000001,0.4,0.13690476190476192,0.5,0.1,0.25
0.07361111111111111,0.5,0.2964285714285714,0.2333333333333333,0.6,0.024999999999999994,0.007500000000000007,0.4,0.32199999999999995,0.3041666666666667
0.5,0.32222222222222224,0.9099999999999999,0.6,0.17222222222222222,0.03333333333333333,0.01785714285714285,0.21333333333333332,0.1,0.16666666666666666
0.23125,0.1825,0.25,0.5499999999999999,0.4708333333333334,0.35,0.1,0.3333333333333333,0.23579545454545453,0.1
0.2,0.175,0.5,0.08333333333333334,0.090625,0.25,0.25,0.020000000000000018,0.25,0.35
0.2,0.6,0.35,0.125,0.006666666666666664,0.2015625,0.10595238095238098,0.11875000000000002,0.1055059523809524,0.03333333333333333
0.2125,0.29531250000000003,0.2833333333333334,0.25,0.25,0.36481481481481487,0.25,0.15773809523809523,0.08375,0.37222222222222223
0.1708333333333333,0.3833333333333333,0.225,0.12125000000000001,0.24428571428571427,0.175,0.4,0.08333333333333333,0.10000000000000002,0.1
0.8,0.2222222222222222,0.08333333333333333,0.13333333333333333,0.27,0.0861111111111111,0.023214285714285725,0.0625,0.16805555555555554,0.7
1.0,0.15555555555555553,0.19,0.5,0.2785714285714286,0.025000000000000005,0.18714285714285714,0.23657407407407408,0.05,0.4
0.2619047619047619,0.39999999999999997,0.15000000000000002,0.3020833333333333,0.5,0.3,1.0,0.22499999999999998,1.0,0.1
0.06818181818181818,0.4083333333333333,0.13714285714285715,0.04556878306878307,0.5666666666666668,0.6,0.20000000000000004,0.225,0.26666666666666666,0.4666666666666667
0.1,0.1,0.35,0.05000000000000001,0.15,0.7,0.5,0.05972222222222223,0.16666666666666666,0.4
0.38809523809523805,0.16666666666666666,0.2357142857142857,0.25,0.7,0.29,0.125,0.3,0.35,0.26666666666666666
0.4875,0.21666666666666667,0.1,0.084375,0.2,0.215625,0.5,0.6,0.24444444444444446,0.1
0.2857142857142857,0.2833333333333333,0.2,0.1,0.16666666666666666,0.17912087912087912,0.1,0.8,0.20555555555555557,0.0625
0.315625,0.011458333333333334,0.10370370370370371,0.08333333333333333,0.2722222222222222,0.125,0.25,0.1416666666666667,0.4,0.033333333333333326
0.08888888888888886,0.26666666666666666,0.019166666666666672,0.15000000000000002,0.19444444444444442,0.3,0.23750000000000004,0.16033333333333336,0.2857142857142857,0.3
0.10625000000000001,0.03125,0.5,0.013888888888888895,0.10884615384615384,0.16666666666666669,0.08,0.1,0.095,0.16666666666666666
0.175,0.2625,0.4166666666666667,0.002678571428571426,0.10000000000000002,0.2,0.6,0.5,0.15,0.8
0.1,0.05000000000000001,0.2,0.05833333333333333,0.5,0.25238095238095243,0.1,0.21555194805194805,0.13333333333333333,0.1
0.26742424242424245,0.05,0.19999999999999998,0.5,0.2857142857142857,0.03333333333333335,0.30625,0.2,0.2,0.2
0.25,0.049999999999999996,0.3571428571428571,0.3,0.10555555555555553,0.5968253968253968,0.16666666666666669,0.05,0.2,0.5
0.15,0.09999999999999999,0.37083333333333335,0.1875,0.775,0.3,0.1645,0.06666666666666667,0.26,0.1
0.17083333333333336,0.1,0.1714285714285714,0.5,0.25,0.2476190476190476,0.2,0.3,0.25,0.2
0.24375000000000002,0.7,0.010256410256410267,0.25,0.21428571428571427,0.1225,0.5,0.4000000000000001,0.3952380952380952,0.1171875
1.0,0.08249999999999999,0.26,0.22499999999999998,0.20833333333333334,0.2,0.30625,0.05000000000000001,0.5,0.3333333333333333
0.06666666666666667,0.5,0.2,0.3875,0.5,0.2,0.09999999999999999,0.16296296296296295,0.175,0.42500000000000004
1.0,0.128125,0.85,0.55,0.65,0.4,0.06285714285714286,0.033333333333333326,0.031250000000000014,0.23538961038961037
0.35,0.35,0.11249999999999999,0.06432291666666667,0.7333333333333333,0.215,0.04999999999999999,0.2147619047619047,0.9099999999999999,0.6
0.1,0.5,0.25,0.26666666666666666,0.3055555555555556,0.27708333333333335,0.03222222222222223,0.4333333333333333,0.17083333333333334,0.024999999999999994
0.15,0.0062500000000000056,0.08750000000000001,0.2,0.25,0.25,0.125,0.31555555555555553,0.2270833333333333,0.11875000000000001
0.65,0.2333333333333333,0.2,0.25,0.20000000000000004,0.6,0.545,0.175,0.24,0.35000000000000003
0.08,0.5,0.103125,0.3666666666666667,0.05,0.4,0.7,0.2,0.1392857142857143,0.16666666666666666
0.27,0.5,0.1,0.26666666666666666,0.15999999999999998,0.024999999999999994,0.3,0.27397959183673465,0.6,0.05
0.08931107954545453,0.14625000000000002,0.0625,0.025,0.2,0.25,0.05,0.22857142857142856,0.37083333333333335,0.4676666666666667
0.425,0.2,0.09999999999999998,0.6,0.08333333333333333,0.03125,0.0047619047619047545,0.2,0.45,0.5
0.26607142857142857,0.2333333333333333,0.15625,0.3228571428571429,0.2041666666666667,0.2,0.30000000000000004,0.21428571428571427,0.3,0.26666666666666666
0.1,0.12249999999999998,0.35,0.075,0.4166666666666667,0.1,0.2,0.2,0.5,0.35
0.26666666666666666,0.33125,0.024999999999999994,0.06999999999999999,0.2,0.6,0.15,0.31666666666666665,0.5,0.2333333333333333
0.5,0.1,0.45,0.04910714285714285,0.3410256410256411,0.13809523809523808,0.15000000000000002,0.10416666666666666,0.07527472527472526,0.3166666666666667
0.40625,0.21666666666666667,0.5366666666666666,0.171875,0.16666666666666666,0.025000000000000005,1.0,0.08035714285714285,0.03364197530864197,0.1525
0.6,0.2392857142857143,0.1,0.3,0.43333333333333335,0.5166666666666666,0.1,0.03657407407407407,0.3,0.5
0.1,0.43333333333333335,0.39999999999999997,0.5,0.07500000000000001,0.03333333333333333,0.2,0.128125,0.7,0.2298611111111111
0.24000000000000005,0.85,1.850371707708594e-17,0.03888888888888889,0.43333333333333335,0.25,0.05,0.25,0.2438888888888889,0.04554473304473305
0.3125,0.25,0.19999999999999998,0.7,0.5333333333333333,0.42083333333333334,0.38125000000000003,0.09583333333333333,0.03374999999999999,0.34
0.2,0.45,0.15,0.1611111111111111,0.3,0.0072222222222222245,0.15833333333333333,0.12222222222222222,0.4125,0.07500000000000001
0.13333333333333333,0.13333333333333333,0.35492424242424236,0.25,0.475,0.34062499999999996,0.3333333333333333,0.8,0.42500000000000004,0.14814814814814817
0.44814814814814813,0.5,0.2375,0.25,0.08333333333333333,0.07275641025641025,0.24545454545454545,0.225,0.18333333333333335,0.3333333333333333
0.12430555555555557,0.075,0.15000000000000002,0.08611111111111111,0.6499999999999999,0.39999999999999997,0.49166666666666664,0.31666666666666665,0.06907407407407408,0.2
0.07500000000000002,0.1165,0.25,0.15882716049382717,0.1,0.16666666666666669,0.3,0.08249999999999999,0.2,0.02666666666666666
0.15625,0.1,0.19916666666666666,0.5,0.25,0.37812500000000004,0.3,0.35,0.7,0.2
0.11714285714285715,0.20625,0.2333333333333333,0.2,0.5,0.1,0.10000000000000002,0.275,0.1,0.16583333333333333
0.5,0.375,0.14285714285714285,0.07777777777777778,0.31666666666666665,0.3,0.165,0.365,0.4,0.18333333333333335
0.103125,0.5,0.4,0.19999999999999998,0.05,0.275,0.13749999999999998,0.15000000000000002,0.35,0.16666666666666666
0.3088888888888889,0.4375,0.18295454545454545,0.25,0.4303571428571429,0.06250000000000001,1.0,0.1,0.2520833333333333,0.25
0.225,0.49444444444444446,0.25,0.175,0.375,0.5,0.5,0.10714285714285714,0.20124999999999998,0.25
0.18750000000000006,0.13068181818181818,0.15,0.0425925925925926,0.3,0.9099999999999999,0.15000000000000002,0.11720779220779223,0.7,0.5
0.4777777777777777,0.03333333333333333,0.1,0.05,0.3666666666666667,0.7,0.215,0.16666666666666666,0.43125,0.7
0.07812499999999999,0.3,0.05,0.1,0.5,0.09999999999999999,0.16666666666666666,0.07500000000000001,0.2,0.6000000000000001
0.056249999999999994,0.022222222222222213,0.29999999999999993,0.375,0.37249999999999994,0.3,0.6,0.15625,0.43500000000000005,0.2
0.35714285714285715,0.5,0.85,0.5,0.15625,0.05,0.1,0.09833333333333333,0.14285714285714285,0.7
0.5,0.5,0.175,0.3333333333333333,0.02500000000000001,0.13285714285714287,0.13636363636363635,0.5,0.275,0.65
0.13333333333333333,0.13636363636363635,0.25,0.25,0.5,0.05,0.52,0.275,0.10000000000000002,0.4
0.2857142857142857,0.2806122448979592,0.06666666666666665,0.35,0.3,0.1809523809523809,0.4,0.11666666666666665,0.1592592592592593,0.07299382716049382
0.13636363636363635,0.2,0.0625,0.2857142857142857,0.5125000000000001,0.2252314814814815,0.3041666666666667,0.21428571428571427,0.4066666666666667,0.05833333333333333
0.07500000000000001,0.2,0.1525,0.3416666666666667,0.8,0.7,0.225,0.2,0.1880952380952381,0.22666666666666666
0.0810096153846154,0.15000000000000002,0.8,0.375,0.09999999999999998,0.275,0.25,0.19999999999999998,0.125,0.1620535714285714
0.175,0.21428571428571427,0.3,0.7,0.39999999999999997,0.2,0.3,0.025,0.1,0.3
0.6,0.39999999999999997,0.7,0.07142857142857142,0.06590909090909092,0.033333333333333326,0.48409090909090907,0.3333333333333333,0.11333333333333336,0.2333333333333333
0.14,0.06944444444444443,0.25,0.02916666666666667,0.22238095238095237,0.44000000000000006,0.225,0.12476190476190475,0.30000000000000004,0.05696969696969697
0.4450000000000001,0.25,0.625,0.25,0.8,0.17083333333333334,0.44999999999999996,0.10000000000000002,0.5,0.375
0.15000000000000002,0.225,0.3,0.1,0.1,0.05,0.3166666666666667,0.2089285714285714,0.26666666666666666,0.125
0.425,0.55,0.8,0.14583333333333334,0.2875,0.2,0.16666666666666666,0.225,0.5,0.44999999999999996
0.3626984126984127,0.3,0.3,0.6428571428571428,0.2633333333333333,0.0625,0.0011111111111111072,0.22607142857142856,0.05,0.375
0.17500000000000002,0.11547619047619048,0.5166666666666666,0.08285714285714285,0.425,0.0663690476190476,0.018750000000000003,0.1,0.35,0.1875
0.5166666666666666,0.6,0.039999999999999994,0.175,0.033333333333333326,0.11874999999999998,0.16916666666666666,0.037500000000000006,0.16666666666666669,0.2
0.5,0.22999999999999998,0.2111111111111111,0.44999999999999996,0.10000000000000002,0.2,0.3,0.14999999999999997,0.4484375,0.21666666666666667
0.6,0.3866666666666667,0.26,0.145,0.3145833333333333,0.2,0.4375,0.2571428571428572,0.2,0.05
0.33229166666666665,0.037500000000000006,0.45000000000000007,0.6,0.5,0.38148148148148137,0.15000000000000002,0.4,0.05,0.07777777777777778
0.24895833333333334,0.8,0.125,0.5416666666666666,0.17500000000000002,0.08409090909090909,0.1,0.55,0.5,0.5
0.4,0.3111111111111111,0.13749999999999998,0.3,0.3,0.25,0.15000000000000002,0.04545454545454545,0.1,0.05000000000000001
0.35,0.2,0.55,0.35,0.16666666666666666,0.5,0.13333333333333333,0.19,0.3645833333333333,0.5
0.05,0.11916666666666667,0.11333333333333333,0.2,0.35,0.4666666666666667,0.020000000000000004,0.025000000000000005,0.4041666666666666,0.1
0.275,0.23125,0.13636363636363635,0.7,0.24666666666666667,0.625,0.15,0.4,0.7,0.16249999999999998
0.09916666666666667,0.16666666666666669,0.22361111111111112,0.444949494949495,0.12583333333333332,0.7,0.5,0.10000000000000003,0.6,0.05
0.1,4.625929269271486e-17,0.2,0.041666666666666664,0.103125,0.03125,0.6,0.5166666666666666,0.2,0.625
0.375,0.15266666666666667,0.45,0.016666666666666663,0.2857142857142857,0.25,0.6,0.15000000000000002,0.06999999999999998,0.21666666666666667
0.125,0.7,0.3666666666666667,0.2,0.17666666666666667,0.6499999999999999,0.06666666666666667,0.2,0.4875,0.08888888888888889
0.125,0.3,0.34404761904761905,0.19374999999999998,0.6,0.1,0.3,0.092,0.10000000000000002,0.5
0.5499999999999999,0.2,0.19999999999999998,0.7,0.13125,0.10208333333333332,0.4,0.3333333333333333,0.05,0.8
0.12500000000000003,0.5,0.10000000000000002,0.18333333333333332,0.6,0.20625,0.1,0.21428571428571427,0.2375,0.125
0.13636363636363635,0.15000000000000002,0.25,0.1,0.225,0.8,0.10333333333333335,0.1,0.5177777777777778,0.4285714285714286
0.06145833333333333,0.16666666666666666,0.1,0.29999999999999993,0.30000000000000004,0.85,0.35,0.01666666666666668,0.4166666666666667,0.228125
0.2,0.32285714285714284,0.060416666666666674,0.07187500000000001,0.025000000000000005,0.05095238095238095,0.20000000000000004,0.2,0.31666666666666665,0.07142857142857142
0.425,0.24999999999999997,0.23333333333333334,0.15625,0.5,0.0022222222222222088,0.2,0.3375,0.025000000000000036,0.09166666666666667
0.325,0.012499999999999997,0.1,0.02232142857142857,0.040972222222222215,0.21249999999999997,0.275,0.7,0.2,0.15
0.08333333333333333,0.3181818181818182,0.4,0.18333333333333335,0.06785714285714285,0.38,0.05,0.5,0.02500000000000001,0.7000000000000001
0.55,0.0625,0.1,0.4,0.015909090909090914,0.3261904761904762,0.5,0.34375,0.7,0.5
0.17222222222222222,0.02857142857142857,0.4714285714285714,0.16666666666666666,0.3,0.15000000000000002,0.059523809523809534,0.0648148148148148,0.5583333333333333,1.0
0.24990740740740738,0.35,0.4875,0.17857142857142855,0.0625,0.5233333333333333,0.2,0.17777777777777778,0.45714285714285713,0.43333333333333335
0.15,0.3,0.024999999999999994,0.225,0.2,0.02857142857142858,0.5428571428571429,0.175,0.15,0.5
0.078125,0.4,0.053124999999999985,0.2188888888888889,0.39081632653061227,0.1,0.2875,0.16874999999999998,0.5,0.5
0.875,0.2556818181818182,0.14,0.5,0.005034722222222218,0.1,0.125,0.2,0.35416666666666663,0.78
0.6,0.38571428571428573,0.3181818181818182,0.7,0.4875,0.16555555555555554,0.3072727272727273,0.2,0.1491496598639456,0.12
0.35,0.14047619047619045,0.03333333333333333,0.16,0.2,0.25,0.24285714285714283,0.21666666666666667,0.2766025641025641,0.049553571428571426
0.325,0.625,0.375,0.02500000000000001,0.3,0.1619047619047619,0.07916666666666665,0.125,0.6,0.25
0.19642857142857142,0.5,0.5,0.2125,0.04999999999999999,0.5,0.1,0.65,0.14999999999999997,0.16666666666666666
0.2,0.07000000000000002,0.30000000000000004,0.14,0.32499999999999996,0.10416666666666666,0.44999999999999996,0.11481481481481481,0.1875,0.25
0.2020833333333333,0.875,0.2,0.13333333333333333,0.35,0.2,0.20208333333333334,0.2,0.31666666666666665,0.09857142857142857
0.2833333333333334,0.5,0.5,0.2947916666666667,0.3333333333333333,0.10238095238095236,0.6,0.09761904761904763,0.010416666666666676,0.1
0.06893939393939394,0.10952380952380951,0.029999999999999992,0.14285714285714285,0.7,0.25,0.09999999999999999,0.14285714285714285,0.10555555555555556,0.33749999999999997
0.18571428571428572,0.425,0.6,0.2833333333333333,0.06666666666666667,0.4,1.0,0.1875,0.15000000000000002,0.6
0.049999999999999996,0.21999999999999997,0.09375,0.09770833333333333,0.26785714285714285,0.04999999999999999,0.375,0.32272727272727275,0.25,0.3
0.011111111111111113,0.19999999999999998,0.15,0.14907407407407408,0.6,0.15714285714285717,0.185,0.14003472222222224,0.05,0.1
0.10277777777777776,0.047272727272727265,0.05,0.125,0.13333333333333333,0.05,0.275,0.125,0.010833333333333334,0.8
0.5,0.2,0.5,0.5,0.06416666666666665,0.05000000000000001,0.3,0.3,0.09999999999999999,0.078125
0.3,0.6,0.6,0.20000000000000004,0.20625,0.26666666666666666,0.6,0.18166666666666664,0.7,0.06874999999999999
0.1,0.2857142857142857,0.39999999999999997,0.20000000000000004,0.20555555555555557,0.3433333333333333,0.5,0.016666666666666663,0.07500000000000001,0.25
0.75,0.7,0.6,0.285,0.02500000000000001,0.3,0.3,0.014814814814814808,0.2,0.3181818181818182
0.26666666666666666,0.28833333333333333,0.29333333333333333,0.3333333333333333,0.7,0.1,0.1,0.11666666666666668,0.1,0.011111111111111106
0.36666666666666664,0.2333333333333333,0.25,0.6,0.10833333333333331,0.1,0.3333333333333333,1.0,0.11666666666666665,0.05
0.25,0.15000000000000002,0.4333333333333333,0.7,0.11898148148148147,0.375,0.15,0.1294871794871795,0.4583333333333333,0.31666666666666665
0.1,0.1,0.4,0.1,0.11851851851851851,0.17222222222222222,0.175,0.2520408163265306,0.5,0.14285714285714285
0.0047619047619047545,0.6333333333333333,0.05,0.19074074074074077,0.23200000000000004,0.4375,0.033653846153846145,0.14285714285714285,0.05,0.2375
0.03571428571428571,0.6,0.06249999999999999,0.06666666666666667,0.010416666666666666,0.5,0.5,0.5166666666666667,0.3242857142857143,1.0
0.41000000000000003,0.1,0.7,0.002777777777777768,0.380625,0.35833333333333334,1.0,0.10000000000000003,0.24895833333333334,0.35
0.3,0.17083333333333336,0.2333333333333333,0.13333333333333333,0.1,0.8,0.3552762923351159,0.3,0.2,0.25
0.1888888888888889,0.375,0.7,0.21666666666666667,0.25,0.037500000000000006,0.05,0.725,0.13636363636363635,0.175
0.6333333333333333,0.3,0.13333333333333333,0.2857142857142857,0.5,0.046875,0.15,0.2333333333333333,0.4166666666666667,0.25
0.06875000000000002,0.30000000000000004,0.25,0.125,0.3,0.10249999999999998,0.21666666666666665,0.1,0.6,0.8
0.38125,0.24500000000000002,0.4928571428571428,0.15555555555555556,0.10766666666666666,1.0,0.125,0.3142857142857143,0.7333333333333333,0.3736666666666667
0.06727272727272726,0.35000000000000003,0.02407407407407407,0.21875,0.19999999999999998,0.26666666666666666,0.19999999999999998,0.125,0.12500000000000003,0.10168650793650794
0.5,0.2,0.25,0.0333333333333334,0.1,0.25,0.2,0.2569444444444444,0.5208333333333334,0.2
0.5,0.6,0.1,0.15,0.07619047619047621,0.7,0.25,0.4,0.43749999999999994,0.09375
0.07777777777777778,0.6333333333333333,0.26666666666666666,0.35,0.6166666666666667,0.65,0.45,0.015000000000000013,0.18775510204081633,0.352
0.06477272727272727,0.19999999999999998,0.2,0.2583333333333333,0.14285714285714285,0.3,5.551115123125783e-18,0.15,0.12142857142857143,0.10000000000000002
0.2,0.4,0.39999999999999997,0.6,0.2857142857142857,0.2,0.15625,1.0,0.4375,0.26666666666666666
0.1,0.4337121212121212,0.75,0.29430272108843536,0.4,0.25,0.19999999999999998,0.5,0.2857142857142857,0.016666666666666673
0.4333333333333333,0.25,0.5,0.12,0.19285714285714284,0.4044444444444444,0.35,0.3666666666666667,0.4,0.39999999999999997
0.0681547619047619,0.1,0.1,0.25,0.13,0.19523809523809524,0.5,0.1875,0.1,0.35952380952380947
0.375,0.5,0.08492063492063494,0.06666666666666667,0.20555555555555557,0.1,0.08124999999999999,0.1,0.25,0.26
0.5,0.21428571428571427,0.5,0.19285714285714284,0.6,0.5666666666666667,0.8,0.5,0.16666666666666666,0.2
0.05875,0.016666666666666666,0.05,0.1,0.6,0.5,1.0,0.9,0.11249999999999999,0.04999999999999999
0.057499999999999996,0.25,0.21666666666666667,0.7,0.3125,0.036666666666666646,0.35,0.8,0.3666666666666667,0.08333333333333333
0.1,0.7,0.1148148148148148,0.2,0.25,0.5375,0.4,0.065,0.5,0.1
0.05714285714285713,0.25,0.49999999999999994,0.705,0.3333333333333333,0.5,0.8,0.14607142857142857,0.2,0.8
0.2,0.3833333333333333,0.1,0.0875,0.03125,0.029761904761904757,0.16875,0.09166666666666667,0.08333333333333333,0.5
0.022222222222222237,0.6,0.5,0.3833333333333333,0.6,0.1,0.5266666666666667,0.15,0.05,0.3666666666666667
0.05238095238095238,0.18666666666666668,0.3,0.35555555555555557,0.44999999999999996,0.2571428571428572,0.7000000000000001,0.1,0.1625,0.11666666666666668
0.6,0.3333333333333333,0.6,0.32222222222222224,0.25,0.35,0.6,0.042857142857142844,0.8,0.13
0.31666666666666665,0.32142857142857145,0.1125,0.00888888888888888,0.03750000000000001,0.35,1.0,0.19999999999999998,0.08714285714285715,0.08333333333333333
0.2857142857142857,0.10000000000000002,0.4044444444444444,0.4375,0.26,0.625,0.3444444444444444,0.5,0.07500000000000004,0.7
0.2142361111111111,0.5,0.6,0.225,0.09119318181818183,0.1,0.05,0.07500000000000001,0.10625000000000001,0.1
0.0025000000000000022,0.376,0.3,0.13333333333333333,0.5,0.7,0.25,0.125,0.0875,0.15277777777777776
0.25,0.0875,0.1,0.5,0.13636363636363635,0.25,0.036666666666666674,0.375,0.16666666666666669,0.18721590909090913
0.20173611111111112,0.2,0.35,0.06666666666666667,0.2,0.225,0.5,0.1,0.10833333333333334,0.375
0.02500000000000001,0.42857142857142855,0.08333333333333333,0.2,0.5625,0.33125,0.3,0.375,0.13333333333333333,0.25
0.7,0.7,0.26666666666666666,0.35555555555555557,0.5166666666666666,0.2333333333333333,0.6,0.05357142857142857,0.3298376623376623,0.024999999999999994
0.2,0.1,0.3,0.25,0.05892857142857144,0.06103896103896105,0.30000000000000004,0.4333333333333333,0.22321428571428573,0.08333333333333333
0.2333333333333333,0.05,0.5,0.22500000000000003,0.39249999999999996,0.01224489795918367,0.027777777777777773,0.2622727272727273,1.0,0.48333333333333334
0.11632653061224489,0.2,0.2,0.12108843537414966,0.375,0.6,0.5416666666666666,0.049999999999999996,0.005555555555555554,0.5
0.4,0.15625,0.5,0.05519480519480519,0.6,0.278125,0.21666666666666665,0.35,0.0078125,0.8
0.11458333333333334,0.24875,0.3166666666666667,0.09375,0.2,0.2,0.19107142857142856,1.0,0.48333333333333334,0.35
0.03333333333333333,0.175,0.19999999999999998,0.24107142857142858,0.03125,0.1,0.09999999999999998,0.01931818181818182,0.02499999999999999,0.01931818181818182
0.3,0.21666666666666667,0.11000000000000001,0.03125,0.39999999999999997,0.0642361111111111,0.4,0.2325865800865801,0.2020833333333333,0.4
0.75,0.023214285714285725,0.26785714285714285,0.2857142857142857,0.125,0.024999999999999994,0.09444444444444443,0.15208333333333335,0.1,0.5
0.06666666666666667,0.25,0.21481481481481482,0.15000000000000002,0.4128571428571429,0.22824074074074077,0.25,0.05,0.18333333333333335,0.013124999999999998
0.40740740740740744,0.375,0.11071428571428572,0.029166666666666667,0.24374999999999997,0.16666666666666666,0.003124999999999989,0.7000000000000001,0.125,0.35833333333333334
0.023999999999999987,0.0074074074074074,0.08333333333333334,0.20000000000000004,0.8,0.07500000000000001,0.11818181818181818,0.2210884353741497,0.15,0.5
0.6499999999999999,0.16428571428571428,0.2222222222222222,0.1,0.2,0.03333333333333335,0.35,0.3,0.15625,0.15583333333333335
0.22727272727272727,0.5,0.09,0.03666666666666667,0.21464646464646464,0.1,0.25,0.16666666666666666,0.4,0.7000000000000001
0.1,0.3375,0.08645833333333333,0.04500000000000002,0.175,0.2,0.5,0.45499999999999996,0.06535714285714286,0.39999999999999997
0.25,0.22499999999999998,0.27499999999999997,0.08416666666666668,0.8,0.4,0.05,0.2,0.1375,0.1716666666666667
0.39285714285714285,0.19999999999999998,0.18333333333333335,0.15,0.2619047619047619,0.25,0.13999999999999999,0.07500000000000001,0.315,0.9
1.0,0.35,0.21822916666666667,0.1,0.12666666666666665,0.8,0.08,0.04375,0.475,0.08888888888888889
0.2,0.38666666666666666,0.34722222222222227,0.5,0.16666666666666666,0.10982142857142858,0.5,0.16111111111111112,0.24444444444444438,0.01944444444444443
0.2625,0.11071428571428572,0.006349206349206347,0.1708333333333333,0.4303571428571429,0.7,0.5,0.13636363636363635,0.35,0.10625000000000001
0.2857142857142857,0.1,0.6,0.58,0.5,0.03333333333333335,0.049999999999999996,0.5,0.4,0.12687500000000002
1.0,0.16666666666666669,0.16249999999999998,0.08750000000000001,0.10714285714285714,0.021428571428571425,0.15,0.3333333333333333,0.03333333333333333,0.15
0.19999999999999998,0.2,0.05000000000000003,0.3,0.1,0.13124999999999998,0.16666666666666669,0.13809523809523808,0.2333333333333333,0.35714285714285715
0.06666666666666667,0.7,0.09722222222222221,0.6,0.1438095238095238,0.16994724025974026,0.625,0.05,0.25,0.3333333333333333
0.3,0.25,0.3,0.0875,0.375,0.29999999999999993,0.6,0.2681818181818182,0.4,0.7
0.78,0.2,0.8,0.2,0.25,0.06666666666666665,0.35,0.019907407407407405,0.049999999999999996,0.6
0.13749999999999998,0.11249999999999999,0.05,0.7,0.09999999999999999,0.13,0.06666666666666667,0.35,0.5,0.1
0.039999999999999994,0.08660714285714285,0.2,0.2,0.55,0.5,0.55,0.25,0.2,0.25
0.2,0.25,0.20833333333333334,0.5,0.35,0.35,0.2041666666666667,0.5041666666666667,0.30238095238095236,0.05888888888888889
0.40714285714285714,0.9,0.1,0.175,0.31,0.6,0.625,0.08,0.3571428571428571,0.1
0.041406250000000006,0.11666666666666665,0.7333333333333334,0.09666666666666668,0.43333333333333335,0.45,0.1,0.30833333333333335,0.2,0.4333333333333333
0.175,0.052023809523809514,0.17222222222222222,0.022222222222222213,0.043181818181818175,0.08333333333333336,0.525,0.19999999999999998,0.2,0.5
0.3060606060606061,0.25,0.075,0.14814814814814814,0.20384615384615384,0.5,0.125,0.5,0.15625,0.05
0.3570833333333333,0.40625,0.39999999999999997,0.05833333333333333,0.6,0.05,0.1,0.315,0.5,0.35
0.5,0.1328125,0.0062500000000000056,0.1,0.1,0.015555555555555555,0.2,1.0,0.1,0.2857142857142857
0.37083333333333335,0.4375,0.2,0.2,0.06277777777777777,0.05,0.19999999999999998,0.1,0.5,0.8
0.17857142857142858,0.1,0.125,0.2857142857142857,0.12708333333333335,0.06333333333333332,0.07021604938271603,0.275,0.3,0.20833333333333334
0.6,0.08333333333333333,0.225,0.037500000000000006,0.15,0.29583333333333334,0.36904761904761907,0.1,0.7,0.19166666666666665
0.13333333333333333,0.225,0.5,0.21666666666666667,0.39999999999999997,0.08666666666666667,0.0018518518518518452,0.3,0.1708333333333333,1.0
0.10000000000000003,0.05000000000000001,0.7,0.625,0.5,0.1,0.5,0.2375,0.2222222222222222,0.6666666666666666
0.6,0.08333333333333333,1.0,0.1,0.7,0.1875,0.25,0.11666666666666665,0.55,0.25
0.4,0.022222222222222213,0.07857142857142857,0.5,0.05,0.1,0.2833333333333333,0.075,0.4,0.1
0.08333333333333333,0.30000000000000004,0.03749999999999999,0.26666666666666666,0.125,0.05,0.05,0.5,0.7,0.3
0.2857142857142857,0.5,0.2625,0.175,0.045166666666666654,0.2,0.30000000000000004,1.0,0.125,0.09375
0.35,0.4,0.35,0.5,0.25,0.11111111111111112,0.13636363636363635,0.021428571428571432,0.4375,0.4
0.0638888888888889,0.059999999999999984,0.05,0.13333333333333333,0.3,0.2555555555555556,0.11666666666666665,0.30625,0.5,0.125
0.1523809523809524,0.221875,0.4,0.35,0.3,0.26249999999999996,0.05,0.08676470588235295,0.05083333333333332,0.08315018315018315
0.125,0.6,0.30000000000000004,0.31666666666666665,0.03333333333333335,0.060416666666666646,0.375,0.1666666666666667,0.125,0.14285714285714285
0.06574074074074075,0.2,0.625,0.016666666666666663,0.3814814814814815,0.25,0.125,0.32083333333333336,0.08564814814814814,0.03333333333333333
0.0875,0.2027777777777778,0.1,0.375,0.21000000000000002,0.06428571428571428,0.2,0.05,0.6,0.2
0.3519047619047619,0.3333333333333333,0.10388888888888888,0.25,0.039999999999999994,0.10416666666666667,0.18333333333333332,0.3571428571428571,0.2,0.024999999999999994
0.09083333333333335,0.25,0.13636363636363635,0.21428571428571427,0.2333333333333333,0.01944444444444443,0.7,0.11492063492063494,0.42857142857142866,0.1
0.5,0.05000000000000002,0.1,0.15833333333333335,0.78,0.3333333333333333,0.2,0.018571428571428565,0.4,0.278125
0.6499999999999999,0.15,0.2916666666666667,0.32,0.5666666666666667,0.53125,0.4,0.1,0.01111111111111112,0.2333333333333333
0.07458333333333332,0.32499999999999996,0.33666666666666667,0.10000000000000002,0.12000000000000002,0.5,0.14833333333333334,0.15,0.7,0.2333333333333333
0.1875,0.06000000000000001,0.013888888888888895,0.016666666666666666,0.09062500000000001,0.28,0.1,0.2,0.1,0.275
0.525,0.5,0.35,0.35000000000000003,0.23750000000000002,0.225,0.75,0.16041666666666665,0.13772321428571427,0.325
1.0,0.13999999999999999,0.25,0.18407738095238094,0.04444444444444445,1.0,0.2,0.25,0.875,0.15
0.00763888888888888,0.55,0.2,0.5,0.2,0.05,0.1,0.07142857142857142,0.31785714285714284,0.05
0.2,0.2,0.75,0.26,0.05000000000000001,0.31111111111111117,0.3916666666666666,0.4375,0.3375,0.4
0.04722222222222221,0.5,0.875,0.17500000000000002,0.2,0.2,0.40625,0.12222222222222223,0.35,0.6
0.45999999999999996,0.09999999999999999,0.2648148148148148,0.46111111111111114,0.16875,0.25,0.1,0.4,0.35000000000000003,0.05000000000000001
0.1,0.1,0.049999999999999996,0.0062500000000000056,0.125,0.3333333333333333,0.3,0.2,0.7,0.3666666666666667
0.2,0.4,0.20833333333333331,0.6,0.5,0.04375,0.2,0.2,0.7,0.8
0.2,0.10000000000000002,0.75,0.1,0.08333333333333333,0.5,0.6,0.2,0.4954545454545454,0.44999999999999996
0.04962121212121212,0.3622222222222222,0.2333333333333333,0.08333333333333334,0.24444444444444444,0.125,0.16,0.1,0.22888888888888886,0.2333333333333333
0.031060606060606056,0.5,0.3666666666666667,0.13333333333333333,0.2087912087912088,0.5,0.13636363636363635,0.5,0.17083333333333336,0.04404761904761905
0.2599206349206349,0.6,0.19999999999999998,0.43333333333333335,0.4672727272727273,0.11111111111111112,0.25,0.12250000000000001,0.06666666666666667,0.1
0.13636363636363635,0.15079365079365079,1.0,0.2,0.013888888888888886,0.13333333333333333,0.5,0.11111111111111112,0.11749999999999998,0.125
0.153125,0.15,0.5,0.3,0.16874999999999998,0.325,0.09,0.25,0.19999999999999998,0.2
0.2777777777777778,0.05,0.05,0.3541666666666667,0.6166666666666667,0.125,0.6,0.25,0.13611111111111113,0.1
0.08106060606060607,0.325,0.09999999999999999,0.5,0.05,0.05,0.12424242424242422,0.17525252525252527,0.03333333333333333,0.6
0.2275,0.3683333333333334,0.03333333333333333,0.35,0.15,1.0,0.4166666666666667,0.07500000000000004,0.8,0.4
0.7,0.4,0.11111111111111112,0.3,0.1898148148148148,0.5,0.2857142857142857,0.25,0.3333333333333333,0.26666666666666666
0.05,0.05,0.375,0.1875,0.02499999999999999,0.625,0.25,0.2,0.35492424242424236,0.6
0.16574074074074074,0.3333333333333333,0.11111111111111112,0.07380952380952381,0.475,0.4,0.10674603174603174,0.20833333333333331,0.007812500000000014,0.5
0.028571428571428567,0.5750000000000001,0.8,0.2,0.6,0.06250000000000001,0.6,0.5416666666666667,0.255,0.09867424242424244
0.16666666666666666,0.04545454545454545,0.5,0.3,0.425,0.08333333333333333,0.05,0.13333333333333333,0.1,0.5
0.5,0.5,0.5,0.08148148148148147,0.7,0.48333333333333334,0.1952380952380952,0.028333333333333342,0.3333333333333333,0.25
0.55,0.75,0.375,0.07222222222222222,0.11500000000000002,0.0944444444444444,0.6083333333333333,0.4,0.024999999999999994,0.2
0.03333333333333333,0.35,0.03249999999999999,0.1,0.08645833333333333,0.15000000000000002,0.25,0.26666666666666666,0.2111111111111111,0.19999999999999998
0.2375,0.1875,0.4,0.15,0.5232142857142857,0.16818181818181818,0.4222222222222222,0.55,0.3333333333333333,0.1761904761904762
0.15,0.1,0.056249999999999994,1.0,0.006249999999999999,0.015674603174603174,0.25,1.0,0.05,0.4666666666666667
0.2,0.07222222222222223,0.5,0.16785714285714284,0.08333333333333333,0.7,0.2,0.1,0.8333333333333334,0.0972222222222222
0.0225,0.125,0.10500000000000001,0.5,0.05416666666666667,0.6,0.4375,0.2,0.6000000000000001,0.5
0.1,0.25,0.08333333333333336,0.1,0.6,0.33571428571428574,0.2833333333333333,0.1,0.010714285714285695,0.2
0.05,0.1222470238095238,0.35,0.1926020408163265,0.17500000000000002,0.25,0.16250000000000003,0.5,0.5166666666666666,0.1880952380952381
0.10416666666666667,0.35,0.25,0.3666666666666667,0.5,0.08124999999999999,0.5083333333333333,0.7,0.26,0.4
0.30000000000000004,0.029924242424242423,0.15,0.3333333333333333,0.45499999999999996,0.4375,0.016666666666666673,0.11481481481481481,0.5,0.15
0.19814814814814816,0.12222222222222222,0.1,0.005357142857142859,0.1,0.8,0.35833333333333334,0.16428571428571428,0.3111111111111111,0.5
0.43333333333333335,0.033333333333333326,0.1,0.26666666666666666,0.32499999999999996,0.1494047619047619,0.8,0.33333333333333337,0.2,0.06666666666666667
0.4211309523809524,0.04330357142857143,0.058333333333333334,0.25,0.225,0.10000000000000002,0.12166666666666663,0.19999999999999998,0.49750000000000005,0.08301282051282051
0.30000000000000004,0.13839285714285715,0.6,0.6,0.25,0.20009276437847867,0.2222222222222222,0.31666666666666665,0.8,0.14285714285714285
0.6125,0.0062500000000000056,0.625,0.7333333333333333,0.19305555555555554,0.09999999999999999,0.13749999999999998,0.3825,0.14583333333333334,0.5
0.3,0.1320408163265306,0.15,0.008333333333333345,0.13333333333333333,0.3333333333333333,0.0062500000000000056,0.13914141414141412,0.7,0.1976190476190476
0.5900000000000001,0.05000000000000001,0.1,0.2,0.04999999999999999,0.05,0.1,0.05,0.25416666666666665,0.3125
0.13333333333333333,0.33541666666666664,0.103125,0.1,0.19999999999999998,0.12083333333333333,0.55,0.25,0.30833333333333335,0.1365079365079365
0.25,0.5,0.2589285714285714,0.0035714285714285726,0.125,0.2,0.25,0.4119047619047619,0.3408333333333334,0.1
